FOR COMPTROLLER ( 1),,,,,,,,,,,,,,,,,,,,,,
,,KARINA VILLA,,,,,STEPHANIE A. KIFOWIT,,,,,HOLLY KIM,,,,,MARGARET CROKE,,,,,
Precinct,Registered Voters,Early,Vote by Mail,Polling,Provisional,Total Votes,Early,Vote by Mail,Polling,Provisional,Total Votes,Early,Vote by Mail,Polling,Provisional,Total Votes,Early,Vote by Mail,Polling,Provisional,Total Votes,Total
Addison 001,1083,12,16,13,0,41,3,4,5,0,12,10,3,17,0,30,18,14,24,0,56,139
Addison 002,1180,16,11,17,0,44,5,4,2,0,11,13,19,18,0,50,11,7,17,0,35,140
Addison 003,975,6,10,24,0,40,2,4,4,0,10,12,6,11,0,29,13,8,21,0,42,121
Addison 004,634,1,6,19,0,26,0,1,4,0,5,5,4,8,0,17,2,0,6,0,8,56
Addison 005,528,7,5,21,0,33,0,2,2,0,4,5,1,6,0,12,2,5,8,0,15,64
Addison 006,933,13,13,45,0,71,4,3,2,0,9,5,2,8,0,15,7,5,18,0,30,125
Addison 007,1021,10,13,40,0,63,1,4,2,0,7,3,9,20,0,32,12,3,21,0,36,138
Addison 008,846,19,11,27,0,57,2,0,3,0,5,4,6,2,0,12,11,7,10,0,28,102
Addison 009,1038,14,7,28,0,49,3,1,2,0,6,4,6,7,0,17,12,6,10,0,28,100
Addison 010,1022,16,7,17,0,40,14,4,3,0,21,13,11,18,0,42,15,12,29,0,56,159
Addison 011,1094,13,5,21,0,39,5,6,8,0,19,10,11,19,0,40,5,7,17,0,29,127
Addison 012,1249,12,17,29,0,58,4,2,4,0,10,10,6,19,0,35,10,12,20,0,42,145
Addison 013,1225,12,16,27,0,55,11,5,3,0,19,8,8,13,0,29,20,10,16,0,46,149
Addison 014,984,21,12,15,0,48,7,1,4,0,12,7,8,6,0,21,14,9,19,0,42,123
Addison 015,1119,15,11,18,0,44,5,8,7,0,20,14,11,15,0,40,7,9,17,0,33,137
Addison 016,1151,12,16,14,0,42,3,6,6,0,15,14,14,17,0,45,14,15,16,0,45,147
Addison 017,840,10,10,24,0,44,2,2,2,0,6,4,6,7,0,17,9,2,17,0,28,95
Addison 018,1049,17,14,35,0,66,1,2,4,0,7,10,8,12,0,30,5,12,18,0,35,138
Addison 019,945,7,16,33,0,56,3,2,6,0,11,2,1,18,0,21,4,1,17,0,22,110
Addison 020,1058,9,8,23,0,40,2,4,6,0,12,5,5,5,0,15,8,11,9,0,28,95
Addison 021,751,14,10,18,0,42,3,4,4,0,11,7,5,3,0,15,12,5,13,0,30,98
Addison 022,985,9,12,15,0,36,5,5,6,0,16,8,6,7,0,21,4,12,16,0,32,105
Addison 023,843,7,9,13,0,29,4,5,4,0,13,5,9,8,0,22,7,6,10,0,23,87
Addison 024,827,8,5,5,0,18,7,1,6,0,14,15,3,2,0,20,9,2,15,0,26,78
Addison 025,798,3,9,17,0,29,4,7,2,0,13,4,2,8,0,14,4,7,13,0,24,80
Addison 026,697,9,6,14,0,29,4,7,2,0,13,4,6,4,0,14,3,10,5,0,18,74
Addison 027,999,9,8,29,0,46,0,1,1,0,2,11,10,7,0,28,1,17,21,0,39,115
Addison 028,1163,32,10,27,1,70,7,2,2,0,11,10,4,6,0,20,12,9,1,0,22,123
Addison 029,937,26,11,25,0,62,1,0,1,0,2,5,9,7,0,21,9,3,1,0,13,98
Addison 030,1169,14,16,20,0,50,5,3,7,0,15,11,9,10,0,30,4,9,28,0,41,136
Addison 031,1051,6,6,38,0,50,3,3,7,0,13,12,6,24,0,42,8,6,16,0,30,135
Addison 032,994,12,14,32,0,58,2,4,3,0,9,6,8,10,0,24,7,11,15,0,33,124
Addison 033,794,15,8,14,0,37,2,0,3,0,5,4,14,6,0,24,9,11,10,0,30,96
Addison 034,1019,8,9,23,0,40,3,1,4,0,8,7,14,11,0,32,7,7,14,0,28,108
Addison 035,1104,17,22,31,0,70,2,1,1,0,4,13,12,10,0,35,9,11,10,0,30,139
Addison 036,1235,14,19,36,0,69,2,2,2,0,6,5,6,10,0,21,9,6,14,0,29,125
Addison 037,814,19,11,18,0,48,3,5,3,0,11,4,3,4,0,11,5,6,2,0,13,83
Addison 038,872,18,7,12,0,37,6,1,3,0,10,4,2,7,0,13,10,7,9,0,26,86
Addison 039,1141,14,19,32,0,65,0,2,3,0,5,4,10,8,0,22,10,12,27,0,49,141
Addison 040,1138,10,15,36,0,61,2,7,6,0,15,3,12,19,0,34,4,6,35,0,45,155
Addison 041,878,16,1,11,0,28,3,1,1,0,5,4,5,1,0,10,5,9,9,0,23,66
Addison 042,1161,15,7,39,0,61,3,1,4,0,8,7,5,5,0,17,4,10,10,0,24,110
Addison 043,944,4,12,26,0,42,1,5,2,0,8,2,2,9,0,13,4,10,9,0,23,86
Addison 044,1059,18,14,31,0,63,0,2,6,0,8,5,11,10,0,26,7,15,11,0,33,130
Addison 045,1233,17,11,31,0,59,7,3,6,0,16,14,11,21,0,46,13,7,24,0,44,165
Addison 046,1215,21,14,41,0,76,0,3,15,0,18,5,12,32,0,49,10,6,34,0,50,193
Addison 047,1311,17,21,31,0,69,4,2,2,0,8,6,9,6,0,21,9,4,11,0,24,122
Addison 048,917,17,8,37,0,62,3,2,3,0,8,13,6,6,0,25,10,6,5,0,21,116
Addison 049,636,10,8,11,0,29,5,2,5,0,12,17,11,15,0,43,4,8,12,0,24,108
Addison 050,1014,17,21,14,0,52,8,3,4,0,15,17,14,32,0,63,18,15,25,0,58,188
Addison 051,1159,21,10,17,0,48,6,5,5,0,16,43,37,43,0,123,13,15,25,0,53,240
Addison 052,1283,17,13,28,0,58,4,6,6,0,16,24,40,25,0,89,22,13,28,0,63,226
Addison 053,1023,12,6,25,0,43,0,4,6,0,10,18,24,25,0,67,8,13,33,0,54,174
Bloomingdale 001,656,3,6,15,0,24,4,1,4,0,9,3,11,8,0,22,6,3,8,0,17,72
Bloomingdale 002,1093,15,18,20,0,53,3,8,6,0,17,7,22,16,0,45,15,14,22,0,51,166
Bloomingdale 003,1086,16,26,23,0,65,1,5,6,0,12,10,4,7,0,21,10,8,20,0,38,136
Bloomingdale 004,774,6,9,11,0,26,6,8,8,0,22,14,8,26,0,48,7,6,24,0,37,133
Bloomingdale 005,820,10,10,17,0,37,3,6,6,0,15,11,10,15,0,36,11,11,11,0,33,121
Bloomingdale 006,1067,11,11,31,0,53,3,6,8,0,17,7,8,16,0,31,9,7,21,0,37,138
Bloomingdale 007,754,8,11,25,0,44,1,3,3,0,7,11,9,9,0,29,5,8,14,0,27,107
Bloomingdale 008,787,10,9,47,0,66,0,0,8,0,8,7,5,20,0,32,5,9,23,0,37,143
Bloomingdale 009,1018,10,14,20,0,44,4,8,8,0,20,11,11,13,0,35,7,10,22,0,39,138
Bloomingdale 010,983,6,12,9,0,27,3,7,10,1,21,9,5,22,0,36,13,9,32,1,55,139
Bloomingdale 011,1186,16,23,33,0,72,5,9,11,0,25,20,19,37,0,76,19,15,27,0,61,234
Bloomingdale 012,974,19,11,21,0,51,2,4,9,0,15,16,21,27,0,64,7,17,27,0,51,181
Bloomingdale 013,1015,7,6,18,0,31,6,6,5,0,17,13,12,23,0,48,13,11,32,0,56,152
Bloomingdale 014,1053,16,20,33,0,69,6,1,1,0,8,11,5,16,0,32,12,9,13,0,34,143
Bloomingdale 015,1058,10,16,26,0,52,6,3,10,0,19,7,5,10,0,22,7,7,28,0,42,135
Bloomingdale 016,991,7,9,22,0,38,4,6,7,0,17,10,11,7,0,28,9,10,16,0,35,118
Bloomingdale 017,1146,8,9,27,0,44,4,10,10,0,24,6,17,19,0,42,19,15,17,0,51,161
Bloomingdale 018,1149,10,10,15,0,35,8,8,5,0,21,5,7,14,0,26,14,28,15,0,57,139
Bloomingdale 019,930,11,8,25,0,44,4,4,4,0,12,20,14,14,0,48,12,10,14,0,36,140
Bloomingdale 020,1077,4,4,16,0,24,2,7,6,0,15,8,2,16,0,26,2,7,24,0,33,98
Bloomingdale 021,975,4,4,17,0,25,2,2,7,0,11,10,1,9,0,20,11,7,23,0,41,97
Bloomingdale 022,1009,7,11,12,0,30,1,5,5,0,11,7,10,17,0,34,6,12,12,0,30,105
Bloomingdale 023,1192,19,14,30,0,63,8,7,4,0,19,14,15,21,0,50,21,20,19,0,60,192
Bloomingdale 024,1089,18,20,24,0,62,4,6,6,0,16,18,9,15,0,42,20,24,17,0,61,181
Bloomingdale 025,1089,17,14,15,0,46,6,14,7,0,27,17,22,9,0,48,14,19,30,0,63,184
Bloomingdale 026,1050,14,6,15,0,35,3,4,4,0,11,6,4,16,0,26,4,13,27,0,44,116
Bloomingdale 027,666,5,6,12,0,23,2,1,3,0,6,2,4,5,0,11,8,6,12,0,26,66
Bloomingdale 028,826,21,25,23,0,69,1,1,3,0,5,3,8,12,0,23,4,9,11,0,24,121
Bloomingdale 029,837,8,11,21,0,40,5,6,3,0,14,5,3,10,0,18,7,16,10,0,33,105
Bloomingdale 030,851,19,11,12,0,42,6,4,2,0,12,8,9,5,0,22,13,6,10,0,29,105
Bloomingdale 031,1047,9,18,34,0,61,1,0,2,0,3,5,10,17,0,32,5,15,16,0,36,132
Bloomingdale 032,919,16,12,13,0,41,6,2,4,0,12,3,7,14,0,24,5,8,16,0,29,106
Bloomingdale 033,1079,35,13,24,0,72,3,5,6,0,14,12,11,17,0,40,7,12,20,0,39,165
Bloomingdale 034,1006,9,12,15,0,36,1,5,8,0,14,3,14,17,0,34,5,14,20,0,39,123
Bloomingdale 035,1220,7,15,21,0,43,6,2,4,0,12,13,13,31,0,57,8,14,22,0,44,156
Bloomingdale 036,793,9,16,22,0,47,1,5,6,0,12,6,11,14,0,31,6,10,27,0,43,133
Bloomingdale 037,1065,19,16,34,0,69,10,5,8,0,23,6,1,13,0,20,7,6,14,0,27,139
Bloomingdale 038,916,3,12,34,0,49,7,5,3,0,15,9,7,15,0,31,7,6,12,0,25,120
Bloomingdale 039,1066,4,20,31,0,55,5,3,6,0,14,7,14,12,0,33,7,12,27,0,46,148
Bloomingdale 040,1028,7,10,34,0,51,4,7,8,0,19,5,12,15,0,32,5,20,15,0,40,142
Bloomingdale 041,1127,30,17,35,0,82,1,7,9,0,17,10,2,13,0,25,4,5,19,0,28,152
Bloomingdale 042,1305,14,15,37,0,66,4,5,1,0,10,5,4,11,0,20,6,5,16,0,27,123
Bloomingdale 043,1051,6,13,27,0,46,4,3,1,0,8,3,5,9,0,17,10,6,7,0,23,94
Bloomingdale 044,1146,15,17,30,0,62,6,3,4,0,13,11,14,9,0,34,12,19,39,0,70,179
Bloomingdale 045,1024,9,14,27,0,50,1,3,11,0,15,8,10,14,0,32,4,12,26,0,42,139
Bloomingdale 046,665,8,7,23,0,38,1,3,6,0,10,4,8,7,0,19,7,12,8,0,27,94
Bloomingdale 047,1155,25,10,34,0,69,4,6,3,0,13,8,5,18,0,31,12,7,16,0,35,148
Bloomingdale 048,795,32,15,15,0,62,2,1,4,0,7,8,4,10,0,22,2,6,10,0,18,109
Bloomingdale 049,658,7,6,17,0,30,0,0,2,0,2,1,3,7,0,11,5,2,8,0,15,58
Bloomingdale 050,956,18,9,29,0,56,2,1,4,0,7,1,4,14,0,19,10,9,14,0,33,115
Bloomingdale 051,1175,16,20,33,0,69,3,14,11,0,28,11,13,16,0,40,6,9,37,0,52,189
Bloomingdale 052,1132,12,15,33,0,60,6,12,15,0,33,14,14,22,0,50,6,16,26,0,48,191
Bloomingdale 053,839,5,7,25,0,37,1,4,9,0,14,8,5,8,0,21,2,12,20,0,34,106
Bloomingdale 054,1187,49,27,35,0,111,7,3,15,0,25,13,16,21,0,50,15,10,18,0,43,229
Bloomingdale 055,815,1,13,20,0,34,0,3,7,0,10,4,7,13,0,24,1,5,8,0,14,82
Bloomingdale 056,1042,23,25,30,0,78,4,5,5,0,14,8,9,13,0,30,1,12,27,0,40,162
Bloomingdale 057,705,12,9,34,0,55,1,3,4,0,8,2,3,6,0,11,6,4,14,0,24,98
Bloomingdale 058,1358,25,5,41,0,71,1,3,8,0,12,3,14,16,0,33,14,5,17,0,36,152
Bloomingdale 059,925,48,15,30,0,93,8,0,3,0,11,6,19,7,0,32,8,13,16,0,37,173
Bloomingdale 060,1095,22,16,28,0,66,6,3,4,0,13,3,10,13,0,26,11,8,17,0,36,141
Bloomingdale 061,1056,12,28,39,0,79,3,2,19,0,24,10,7,17,0,34,3,13,45,0,61,198
Bloomingdale 062,1047,12,19,37,0,68,3,6,7,0,16,7,10,21,0,38,1,9,26,0,36,158
Bloomingdale 063,1053,10,11,33,0,54,0,8,12,0,20,5,11,15,0,31,4,8,33,0,45,150
Bloomingdale 064,1395,19,15,45,0,79,4,2,7,0,13,7,17,17,0,41,5,24,22,0,51,184
Bloomingdale 065,1265,17,10,28,0,55,4,1,3,0,8,10,10,13,0,33,7,7,15,0,29,125
Bloomingdale 066,1091,4,12,32,0,48,4,4,1,0,9,8,10,7,0,25,8,9,12,0,29,111
Bloomingdale 067,686,3,13,7,0,23,0,12,9,0,21,2,9,16,0,27,4,13,29,0,46,117
Bloomingdale 068,1157,16,9,34,1,60,0,1,5,0,6,6,10,14,0,30,12,13,24,0,49,145
Bloomingdale 069,982,18,16,25,0,59,5,4,7,0,16,8,8,12,0,28,11,7,14,0,32,135
Bloomingdale 070,897,10,5,31,0,46,1,2,4,0,7,5,6,11,0,22,1,8,13,0,22,97
Bloomingdale 071,1295,9,22,34,0,65,0,5,14,0,19,5,8,15,0,28,1,12,29,0,42,154
Bloomingdale 072,993,15,12,25,0,52,2,5,2,0,9,5,6,13,0,24,3,9,10,0,22,107
Downers Grove 001,596,5,14,9,0,28,2,2,6,0,10,15,13,20,0,48,10,6,20,0,36,122
Downers Grove 002,1189,12,14,22,0,48,6,8,10,0,24,25,17,23,0,65,14,22,26,0,62,199
Downers Grove 003,1182,2,9,25,0,36,9,5,6,0,20,23,34,26,0,83,6,14,26,0,46,185
Downers Grove 004,1174,16,15,24,0,55,1,2,3,0,6,12,24,24,0,60,14,21,24,0,59,180
Downers Grove 005,1148,16,11,20,0,47,6,4,7,0,17,25,22,11,0,58,28,18,28,0,74,196
Downers Grove 006,1221,12,7,10,0,29,5,2,5,0,12,15,8,21,0,44,21,23,17,0,61,146
Downers Grove 007,1167,9,14,6,0,29,7,5,4,0,16,66,35,34,0,135,13,12,20,0,45,225
Downers Grove 008,1221,13,20,24,0,57,5,10,4,0,19,48,22,46,0,116,32,31,16,0,79,271
Downers Grove 009,1170,9,20,11,0,40,7,9,3,0,19,32,41,22,0,95,13,26,22,0,61,215
Downers Grove 010,1078,15,7,14,0,36,7,4,9,0,20,24,14,19,0,57,29,29,28,0,86,199
Downers Grove 011,1074,3,8,11,0,22,5,4,3,0,12,17,11,16,0,44,9,13,8,0,30,108
Downers Grove 012,1141,8,16,15,0,39,0,8,7,0,15,44,29,37,0,110,31,14,20,0,65,229
Downers Grove 013,1076,9,9,15,0,33,5,9,2,0,16,54,57,44,0,155,14,15,29,0,58,262
Downers Grove 014,1059,13,12,21,0,46,5,4,4,0,13,31,22,33,0,86,24,27,21,0,72,217
Downers Grove 015,1224,19,35,33,0,87,7,4,6,0,17,25,15,24,0,64,29,11,25,0,65,233
Downers Grove 016,1169,13,21,25,0,59,8,6,3,0,17,7,14,12,0,33,18,27,17,0,62,171
Downers Grove 017,952,13,21,19,0,53,7,4,6,0,17,19,15,15,0,49,30,16,15,0,61,180
Downers Grove 018,817,6,10,12,0,28,3,3,4,0,10,20,28,28,0,76,5,8,13,0,26,140
Downers Grove 019,902,2,10,12,0,24,1,3,6,0,10,9,21,19,0,49,12,20,30,0,62,145
Downers Grove 020,1143,5,5,21,0,31,3,3,3,0,9,17,21,13,0,51,11,14,22,0,47,138
Downers Grove 021,1162,3,8,8,0,19,2,8,6,0,16,14,17,25,0,56,23,15,22,0,60,151
Downers Grove 022,1058,8,5,5,0,18,7,3,4,0,14,23,10,16,0,49,13,13,23,0,49,130
Downers Grove 023,907,0,7,10,0,17,0,2,6,0,8,11,11,19,0,41,11,14,20,0,45,111
Downers Grove 024,982,11,13,11,0,35,8,11,1,0,20,27,31,19,0,77,25,19,21,0,65,197
Downers Grove 025,1099,13,18,18,0,49,6,9,9,0,24,31,29,27,1,88,24,16,29,0,69,230
Downers Grove 026,1104,8,11,13,0,32,7,8,5,0,20,40,24,39,0,103,27,21,25,0,73,228
Downers Grove 027,1072,6,13,15,0,34,4,1,3,0,8,54,40,17,0,111,12,18,18,0,48,201
Downers Grove 028,978,8,15,23,0,46,7,5,6,0,18,10,14,18,0,42,15,19,53,0,87,193
Downers Grove 029,917,10,18,16,0,44,8,3,2,0,13,15,18,14,0,47,15,12,18,0,45,149
Downers Grove 030,927,10,11,15,0,36,8,3,5,0,16,5,17,25,0,47,9,11,21,0,41,140
Downers Grove 031,1150,5,8,20,0,33,2,2,6,0,10,30,28,33,0,91,15,20,17,0,52,186
Downers Grove 032,1092,7,5,14,0,26,4,0,3,0,7,13,15,22,0,50,10,15,22,0,47,130
Downers Grove 033,1019,5,7,5,0,17,1,1,6,0,8,11,22,12,0,45,12,9,15,0,36,106
Downers Grove 034,865,7,3,4,0,14,1,1,0,0,2,7,13,11,0,31,8,13,15,0,36,83
Downers Grove 035,956,3,2,6,0,11,1,1,1,0,3,6,5,10,0,21,7,6,6,0,19,54
Downers Grove 036,925,8,11,13,0,32,3,6,8,0,17,28,27,44,0,99,15,12,31,0,58,206
Downers Grove 037,1074,20,20,20,0,60,2,8,5,0,15,32,26,23,0,81,21,29,25,0,75,231
Downers Grove 038,1083,14,23,23,0,60,4,8,3,0,15,20,15,13,0,48,12,18,18,0,48,171
Downers Grove 039,1259,16,18,21,0,55,6,10,7,0,23,17,22,10,0,49,21,20,32,0,73,200
Downers Grove 040,1206,7,11,36,0,54,3,1,10,0,14,13,22,23,0,58,9,8,21,0,38,164
Downers Grove 041,1054,9,4,24,0,37,0,7,7,0,14,7,11,16,0,34,9,17,18,0,44,129
Downers Grove 042,847,2,9,17,0,28,1,0,3,0,4,3,11,12,0,26,19,18,21,0,58,116
Downers Grove 043,1000,3,12,20,0,35,0,0,5,0,5,15,6,20,0,41,7,12,28,0,47,128
Downers Grove 044,840,10,5,12,0,27,3,3,6,0,12,16,14,19,0,49,12,23,23,0,58,146
Downers Grove 045,1172,10,15,40,0,65,11,7,14,0,32,16,14,34,0,64,19,19,51,0,89,250
Downers Grove 046,1282,14,12,16,0,42,8,13,4,0,25,25,35,20,0,80,28,34,44,0,106,253
Downers Grove 047,1299,19,9,28,0,56,1,11,7,0,19,10,16,22,0,48,15,17,30,0,62,185
Downers Grove 048,1008,7,12,32,0,51,4,3,4,0,11,11,17,15,0,43,5,7,22,0,34,139
Downers Grove 049,967,6,7,6,0,19,3,5,2,0,10,13,31,19,0,63,9,8,16,0,33,125
Downers Grove 050,946,17,8,13,0,38,3,6,9,0,18,17,8,27,0,52,9,12,23,0,44,152
Downers Grove 051,1202,5,10,28,0,43,4,2,7,0,13,8,15,22,0,45,5,12,28,0,45,146
Downers Grove 052,975,9,6,27,0,42,3,1,3,0,7,6,10,8,0,24,11,23,14,0,48,121
Downers Grove 053,1246,17,16,26,0,59,2,8,8,0,18,13,20,30,0,63,18,26,25,0,69,209
Downers Grove 054,1087,15,8,17,0,40,4,6,6,0,16,13,17,24,0,54,17,15,25,0,57,167
Downers Grove 055,964,16,7,10,0,33,8,4,5,0,17,21,13,23,0,57,20,17,28,0,65,172
Downers Grove 056,1054,15,15,20,0,50,3,14,4,0,21,22,21,10,0,53,16,20,21,0,57,181
Downers Grove 057,1310,12,17,30,0,59,5,3,8,0,16,10,5,17,0,32,11,19,20,0,50,157
Downers Grove 058,1109,10,14,20,0,44,2,6,8,0,16,6,14,17,0,37,17,17,12,0,46,143
Downers Grove 059,1319,13,14,25,1,53,2,4,9,0,15,7,29,26,0,62,26,37,62,0,125,255
Downers Grove 060,1063,3,7,28,0,38,4,0,3,0,7,15,9,20,0,44,12,3,27,0,42,131
Downers Grove 061,854,11,12,15,0,38,0,7,4,0,11,34,25,9,0,68,6,12,20,0,38,155
Downers Grove 062,1200,8,16,20,0,44,4,8,4,0,16,41,48,34,0,123,16,10,34,0,60,243
Downers Grove 063,1050,11,22,11,0,44,7,5,6,0,18,26,35,17,0,78,20,26,26,0,72,212
Downers Grove 064,902,18,19,6,0,43,4,6,11,0,21,18,17,8,0,43,15,21,16,0,52,159
Downers Grove 065,971,7,10,14,0,31,2,11,7,0,20,15,25,36,0,76,14,28,55,0,97,224
Downers Grove 066,908,3,14,21,0,38,2,4,4,0,10,13,15,13,0,41,20,23,27,0,70,159
Downers Grove 067,903,9,10,17,0,36,3,6,2,0,11,6,16,15,0,37,12,8,30,0,50,134
Downers Grove 068,1022,19,21,24,0,64,5,3,7,0,15,9,10,18,0,37,23,19,22,0,64,180
Downers Grove 069,1245,9,25,29,0,63,4,9,6,0,19,8,17,21,0,46,16,20,19,0,55,183
Downers Grove 070,901,14,10,11,0,35,4,1,4,0,9,12,13,14,0,39,22,4,21,0,47,130
Downers Grove 071,971,13,12,25,0,50,2,4,6,0,12,23,6,18,0,47,16,4,18,0,38,147
Downers Grove 072,1068,8,15,22,0,45,4,6,6,0,16,11,8,21,0,40,12,11,28,0,51,152
Downers Grove 073,1190,6,10,26,0,42,2,0,8,0,10,4,13,23,0,40,5,12,17,0,34,126
Downers Grove 074,1004,10,19,21,0,50,3,7,4,0,14,9,24,18,0,51,8,14,32,0,54,169
Downers Grove 075,907,7,8,21,0,36,2,1,3,0,6,3,7,9,0,19,7,10,15,0,32,93
Downers Grove 076,1175,13,4,22,0,39,4,3,6,0,13,12,9,12,0,33,11,16,19,0,46,131
Downers Grove 077,1133,11,18,24,0,53,6,8,7,0,21,13,18,17,0,48,7,24,29,0,60,182
Downers Grove 078,1279,11,15,31,0,57,2,6,10,0,18,13,15,14,0,42,21,14,40,0,75,192
Downers Grove 079,961,4,14,19,1,38,5,5,1,0,11,14,10,14,0,38,23,25,17,0,65,152
Downers Grove 080,1087,8,14,16,0,38,2,13,6,0,21,12,19,15,0,46,10,18,27,1,56,161
Downers Grove 081,822,3,3,20,0,26,1,4,4,0,9,5,9,12,0,26,7,12,16,0,35,96
Downers Grove 082,988,10,8,16,0,34,3,4,14,0,21,11,16,20,0,47,13,14,29,0,56,158
Downers Grove 083,1290,5,13,29,0,47,1,5,6,0,12,7,13,18,0,38,6,24,33,0,63,160
Downers Grove 084,994,7,10,18,0,35,4,4,6,0,14,4,3,16,0,23,12,12,27,0,51,123
Downers Grove 085,1266,9,19,31,0,59,6,13,5,0,24,9,18,27,0,54,13,27,35,0,75,212
Downers Grove 086,1206,10,12,12,0,34,4,5,13,0,22,9,8,12,0,29,18,20,29,0,67,152
Downers Grove 087,1165,12,12,18,0,42,2,7,11,0,20,14,12,26,1,53,24,26,31,2,83,198
Downers Grove 088,775,9,5,23,0,37,2,3,6,0,11,10,10,11,0,31,9,12,15,0,36,115
Downers Grove 089,1151,10,9,21,0,40,2,3,8,0,13,15,15,32,0,62,9,19,33,0,61,176
Downers Grove 090,1157,9,19,19,0,47,3,5,8,0,16,7,23,28,0,58,10,38,23,0,71,192
Downers Grove 091,924,10,18,27,0,55,5,4,5,0,14,8,12,6,0,26,11,11,15,0,37,132
Downers Grove 092,963,8,14,28,0,50,1,12,4,0,17,4,7,21,0,32,7,9,29,0,45,144
Downers Grove 093,1173,11,11,44,0,66,4,2,5,0,11,3,13,25,0,41,6,2,27,0,35,153
Downers Grove 094,1235,4,10,23,0,37,7,12,7,0,26,19,14,25,0,58,19,25,28,0,72,193
Downers Grove 095,845,13,17,19,0,49,2,6,4,0,12,6,5,14,0,25,11,6,25,0,42,128
Downers Grove 096,1056,11,11,29,0,51,0,5,1,0,6,0,7,12,0,19,6,11,21,0,38,114
Downers Grove 097,982,10,6,11,0,27,2,4,5,0,11,7,19,11,0,37,13,24,28,0,65,140
Downers Grove 098,1136,11,8,16,0,35,2,1,3,0,6,8,9,13,0,30,9,14,18,0,41,112
Downers Grove 099,1136,11,14,28,0,53,2,5,8,0,15,6,7,11,0,24,6,2,20,0,28,120
Downers Grove 100,1031,8,16,32,0,56,3,3,11,0,17,4,11,18,0,33,1,12,10,0,23,129
Downers Grove 101,1189,9,16,24,0,49,3,4,7,0,14,6,12,16,0,34,4,14,30,0,48,145
Downers Grove 102,1182,2,12,12,0,26,0,3,5,0,8,1,10,14,0,25,7,16,25,0,48,107
Downers Grove 103,887,6,7,25,0,38,1,2,4,0,7,3,6,12,0,21,8,11,12,0,31,97
Lisle 001,1145,13,12,30,0,55,4,8,7,0,19,15,21,18,0,54,17,25,21,0,63,191
Lisle 002,986,23,14,26,0,63,4,4,4,0,12,12,13,13,0,38,4,6,26,0,36,149
Lisle 003,1160,18,11,26,0,55,4,9,12,0,25,15,15,26,0,56,14,7,15,0,36,172
Lisle 004,1172,15,16,18,0,49,8,19,14,0,41,22,21,30,0,73,24,16,34,0,74,237
Lisle 005,1216,13,16,24,0,53,4,10,5,0,19,28,43,22,0,93,8,19,13,0,40,205
Lisle 006,1316,12,18,39,0,69,11,5,7,0,23,16,13,29,1,59,10,18,36,0,64,215
Lisle 007,1161,9,14,21,0,44,3,4,8,0,15,13,16,28,0,57,13,4,20,0,37,153
Lisle 008,1161,8,12,33,0,53,6,8,9,0,23,11,18,34,0,63,11,16,38,0,65,204
Lisle 009,1249,23,19,19,0,61,9,2,8,0,19,16,17,24,0,57,32,20,31,0,83,220
Lisle 010,1279,25,20,22,0,67,4,5,7,0,16,16,36,21,0,73,33,26,32,0,91,247
Lisle 011,1014,10,11,20,0,41,6,4,6,0,16,25,9,23,0,57,16,15,40,0,71,185
Lisle 012,1273,6,7,19,0,32,42,32,20,0,94,33,14,29,0,76,15,19,35,0,69,271
Lisle 013,1002,14,21,22,0,57,6,4,9,0,19,24,10,19,0,53,7,12,14,0,33,162
Lisle 014,851,11,7,16,0,34,0,5,5,0,10,9,11,16,0,36,9,19,20,0,48,128
Lisle 015,887,6,12,21,0,39,3,2,10,0,15,11,12,25,0,48,6,12,12,0,30,132
Lisle 016,1191,13,19,16,0,48,4,10,13,0,27,15,17,18,0,50,18,35,40,2,95,220
Lisle 017,981,22,11,24,0,57,5,7,5,0,17,31,23,24,0,78,16,10,21,0,47,199
Lisle 018,1123,7,22,23,0,52,1,6,10,0,17,24,40,20,0,84,25,19,22,0,66,219
Lisle 019,1037,6,21,19,0,46,3,7,4,0,14,32,15,21,0,68,27,21,32,0,80,208
Lisle 020,1229,12,9,32,0,53,7,9,8,0,24,28,28,56,0,112,17,19,33,0,69,258
Lisle 021,1113,7,16,21,0,44,4,14,12,0,30,15,19,47,0,81,13,26,29,0,68,223
Lisle 022,910,2,17,28,0,47,4,6,16,0,26,10,14,26,0,50,14,12,37,0,63,186
Lisle 023,1283,11,19,43,0,73,5,5,10,0,20,10,18,21,0,49,6,11,21,0,38,180
Lisle 024,798,12,6,15,0,33,2,3,5,0,10,11,14,9,0,34,12,7,16,0,35,112
Lisle 025,1135,17,22,21,0,60,3,6,9,0,18,17,12,14,0,43,13,15,27,0,55,176
Lisle 026,1143,9,12,15,0,36,11,1,9,0,21,44,37,45,0,126,17,13,28,0,58,241
Lisle 027,1172,12,7,19,0,38,10,10,13,0,33,24,22,39,0,85,37,35,43,0,115,271
Lisle 028,1277,15,8,22,0,45,0,14,7,0,21,13,27,39,0,79,13,8,34,0,55,200
Lisle 029,840,3,5,17,0,25,0,1,3,0,4,5,13,16,0,34,5,3,13,0,21,84
Lisle 030,1121,9,29,28,0,66,9,4,11,0,24,14,20,47,0,81,17,22,37,0,76,247
Lisle 031,1071,11,20,22,0,53,12,12,13,0,37,12,19,29,0,60,14,23,40,0,77,227
Lisle 032,1156,9,11,30,0,50,9,7,9,0,25,27,39,23,0,89,13,15,23,0,51,215
Lisle 033,902,3,14,24,0,41,2,7,6,0,15,20,29,39,0,88,8,12,25,0,45,189
Lisle 034,1208,15,18,31,0,64,6,12,6,0,24,22,38,24,0,84,14,14,17,0,45,217
Lisle 035,1050,7,3,20,0,30,3,5,11,0,19,41,56,53,0,150,6,15,17,0,38,237
Lisle 036,1057,4,11,16,0,31,6,5,6,0,17,18,16,45,0,79,4,23,21,0,48,175
Lisle 037,1274,15,18,26,0,59,9,7,7,0,23,31,25,60,0,116,13,25,25,0,63,261
Lisle 038,831,11,7,13,0,31,5,7,8,0,20,12,13,29,0,54,8,12,18,0,38,143
Lisle 039,927,9,21,18,0,48,1,7,5,0,13,16,13,37,0,66,13,13,28,0,54,181
Lisle 040,1293,19,21,28,0,68,6,7,8,0,21,14,15,38,0,67,21,24,36,0,81,237
Lisle 041,1224,12,17,29,0,58,5,8,6,0,19,15,23,24,0,62,29,18,40,0,87,226
Lisle 042,1128,16,12,20,0,48,4,1,6,0,11,13,26,21,0,60,14,22,34,0,70,189
Lisle 043,938,9,7,18,0,34,0,9,4,0,13,8,11,23,0,42,7,17,24,0,48,137
Lisle 044,1010,14,14,18,0,46,5,4,12,0,21,12,27,15,0,54,13,17,22,0,52,173
Lisle 045,1132,4,13,22,0,39,5,9,13,0,27,13,18,28,0,59,21,17,36,0,74,199
Lisle 046,674,6,8,18,0,32,2,2,3,0,7,5,5,13,0,23,2,9,6,0,17,79
Lisle 047,847,5,8,15,0,28,9,4,12,0,25,19,20,36,0,75,19,18,30,0,67,195
Lisle 048,707,5,9,16,0,30,3,9,12,0,24,5,8,37,0,50,5,11,37,0,53,157
Lisle 049,1083,7,7,25,0,39,0,5,19,0,24,27,8,30,0,65,10,8,20,0,38,166
Lisle 050,926,6,7,31,0,44,4,2,4,0,10,14,26,33,0,73,8,5,22,0,35,162
Lisle 051,931,5,19,17,1,42,9,5,4,0,18,5,9,20,0,34,8,15,21,1,45,139
Lisle 052,1173,8,12,33,0,53,1,7,6,0,14,9,25,32,0,66,18,14,23,0,55,188
Lisle 053,1158,17,21,31,0,69,4,5,11,0,20,9,33,13,1,56,14,11,23,0,48,193
Lisle 054,1139,4,9,12,0,25,8,4,10,0,22,32,29,43,0,104,15,18,32,0,65,216
Lisle 055,1176,8,18,30,0,56,5,11,12,0,28,27,18,41,0,86,17,11,39,0,67,237
Lisle 056,862,5,7,30,0,42,3,3,4,0,10,12,12,19,0,43,13,10,20,0,43,138
Lisle 057,1158,10,15,31,0,56,3,9,11,0,23,26,32,51,0,109,15,19,29,0,63,251
Lisle 058,1057,15,15,27,0,57,7,5,4,0,16,6,7,17,0,30,3,14,28,0,45,148
Lisle 059,1340,9,7,30,0,46,3,2,6,0,11,26,37,39,0,102,13,16,21,0,50,209
Lisle 060,1069,13,7,31,0,51,5,2,14,0,21,4,3,15,0,22,3,5,25,0,33,127
Lisle 061,807,2,6,8,0,16,5,3,7,0,15,17,15,19,0,51,10,16,20,0,46,128
Lisle 062,967,4,12,30,0,46,1,4,7,0,12,9,16,41,0,66,5,19,25,0,49,173
Lisle 063,1335,6,10,31,0,47,4,4,35,0,43,15,22,63,0,100,16,15,44,0,75,265
Lisle 064,1046,8,23,29,0,60,2,3,12,0,17,7,23,42,0,72,15,15,26,0,56,205
Lisle 065,1000,2,15,26,0,43,7,4,11,0,22,6,17,37,0,60,7,14,44,0,65,190
Lisle 066,962,5,7,15,0,27,2,3,7,0,12,9,22,30,1,62,6,7,16,0,29,130
Lisle 067,1217,15,16,22,0,53,5,3,8,0,16,8,13,27,0,48,16,6,14,0,36,153
Lisle 068,1266,14,23,26,0,63,4,6,7,0,17,10,12,19,0,41,12,11,26,0,49,170
Lisle 069,1039,14,8,21,0,43,6,4,8,0,18,7,19,12,0,38,24,8,16,0,48,147
Lisle 070,1145,16,10,28,0,54,1,1,11,0,13,7,12,15,0,34,15,9,15,0,39,140
Lisle 071,988,13,16,29,0,58,5,4,9,0,18,22,23,40,0,85,15,18,25,0,58,219
Lisle 072,1032,14,17,21,0,52,5,12,10,0,27,9,17,25,0,51,12,23,24,0,59,189
Lisle 073,1269,9,13,24,0,46,1,2,14,0,17,13,21,53,0,87,12,20,41,0,73,223
Lisle 074,859,8,8,18,0,34,2,7,9,0,18,9,11,36,0,56,11,17,33,0,61,169
Lisle 075,1075,13,9,29,0,51,0,3,12,0,15,14,21,32,0,67,11,7,39,0,57,190
Lisle 076,993,5,20,29,0,54,4,5,7,0,16,12,7,20,0,39,14,17,28,0,59,168
Lisle 077,1144,21,18,29,0,68,4,8,7,0,19,17,17,18,0,52,22,26,22,0,70,209
Milton 001,1048,8,6,14,0,28,2,3,6,0,11,8,10,14,0,32,5,14,6,0,25,96
Milton 002,1117,17,12,24,0,53,4,3,9,0,16,14,22,15,0,51,15,18,24,0,57,177
Milton 003,857,3,4,23,0,30,2,6,9,0,17,6,3,13,0,22,6,7,8,0,21,90
Milton 004,1407,18,17,50,0,85,8,11,12,0,31,14,11,14,0,39,14,12,27,0,53,208
Milton 005,1149,24,19,30,0,73,0,5,5,0,10,7,12,7,0,26,9,8,14,0,31,140
Milton 006,1057,44,29,43,0,116,1,5,9,0,15,11,10,12,0,33,7,2,23,0,32,196
Milton 007,1027,11,13,40,0,64,4,13,7,0,24,10,26,20,0,56,6,21,24,0,51,195
Milton 008,953,15,5,19,0,39,0,2,4,0,6,7,10,18,0,35,4,16,9,0,29,109
Milton 009,1114,29,20,30,0,79,11,10,11,0,32,20,14,22,0,56,17,14,23,0,54,221
Milton 010,965,40,18,47,0,105,6,4,6,0,16,5,9,11,0,25,1,5,15,0,21,167
Milton 011,483,23,18,34,0,75,0,3,2,0,5,9,7,11,0,27,8,8,9,0,25,132
Milton 012,1296,17,23,19,0,59,3,5,6,0,14,9,16,20,0,45,5,15,20,0,40,158
Milton 013,1014,8,9,13,0,30,7,6,7,0,20,6,11,11,0,28,7,8,19,0,34,112
Milton 014,1132,10,14,13,0,37,7,2,10,0,19,24,21,6,0,51,21,11,13,0,45,152
Milton 015,1334,16,24,26,0,66,0,4,6,0,10,20,19,19,0,58,8,32,18,0,58,192
Milton 016,1182,23,10,18,0,51,13,8,12,0,33,22,27,22,0,71,12,15,18,0,45,200
Milton 017,885,13,16,29,0,58,1,6,6,0,13,8,11,19,0,38,15,14,24,0,53,162
Milton 018,1129,13,19,33,0,65,9,2,10,0,21,21,25,28,0,74,31,13,29,0,73,233
Milton 019,890,22,20,15,0,57,6,10,5,0,21,25,5,22,0,52,29,24,27,0,80,210
Milton 020,1080,17,15,25,0,57,5,3,6,0,14,13,12,18,0,43,27,31,46,0,104,218
Milton 021,1121,19,19,27,0,65,4,4,8,0,16,18,11,20,0,49,20,17,43,0,80,210
Milton 022,825,14,13,21,0,48,3,5,5,0,13,6,5,10,0,21,4,7,16,0,27,109
Milton 023,796,7,22,10,0,39,2,4,8,0,14,9,19,17,0,45,7,10,11,0,28,126
Milton 024,1052,15,14,23,0,52,8,11,8,0,27,15,16,13,0,44,19,7,20,0,46,169
Milton 025,1177,7,16,18,0,41,2,10,7,0,19,22,12,21,0,55,12,12,24,0,48,163
Milton 026,1060,10,6,31,0,47,6,4,11,0,21,10,15,16,0,41,13,14,26,0,53,162
Milton 027,806,7,12,30,0,49,0,2,9,0,11,4,9,14,0,27,12,11,14,0,37,124
Milton 028,821,9,4,21,0,34,4,3,5,0,12,10,17,26,0,53,17,16,13,0,46,145
Milton 029,1046,22,18,36,0,76,7,4,12,0,23,9,17,18,0,44,23,26,43,0,92,235
Milton 030,891,11,11,20,0,42,4,1,7,0,12,13,9,12,0,34,7,12,14,0,33,121
Milton 031,1365,17,38,35,0,90,6,10,13,0,29,12,23,35,0,70,23,10,13,0,46,235
Milton 032,1266,30,29,42,0,101,7,9,12,0,28,22,22,32,0,76,31,17,51,0,99,304
Milton 033,1366,31,23,39,0,93,15,3,9,0,27,18,20,23,0,61,33,26,27,0,86,267
Milton 034,1237,12,12,16,0,40,10,4,6,0,20,21,21,28,0,70,24,19,41,0,84,214
Milton 035,1276,16,10,21,0,47,9,5,11,0,25,26,9,22,0,57,34,27,37,0,98,227
Milton 036,1169,15,9,23,0,47,5,1,3,0,9,36,18,34,0,88,38,18,40,0,96,240
Milton 037,963,15,28,6,0,49,7,20,6,0,33,19,31,9,0,59,15,39,13,0,67,208
Milton 038,1204,17,19,29,0,65,9,9,12,0,30,22,6,17,0,45,23,16,17,0,56,196
Milton 039,908,20,21,33,0,74,8,4,6,0,18,21,16,19,0,56,19,6,17,0,42,190
Milton 040,1202,12,25,47,0,84,3,8,10,0,21,17,17,24,0,58,15,13,30,0,58,221
Milton 041,897,15,12,33,0,60,7,10,12,0,29,17,16,33,0,66,14,7,17,0,38,193
Milton 042,1112,24,21,34,0,79,8,1,8,0,17,19,26,13,0,58,22,18,28,0,68,222
Milton 043,1071,27,22,36,0,85,3,8,14,0,25,11,7,12,0,30,33,22,28,0,83,223
Milton 044,1079,16,13,36,0,65,3,8,7,0,18,21,14,23,0,58,18,14,35,0,67,208
Milton 045,1296,18,23,25,0,66,6,14,20,0,40,14,9,27,0,50,20,23,51,0,94,250
Milton 046,923,34,19,60,0,113,3,4,5,0,12,5,3,8,0,16,9,9,9,0,27,168
Milton 047,1013,15,23,22,0,60,8,15,8,0,31,10,29,12,0,51,16,23,27,0,66,208
Milton 048,963,13,21,42,0,76,4,5,10,0,19,5,20,27,0,52,7,18,29,0,54,201
Milton 049,443,7,6,14,0,27,1,4,1,0,6,4,4,8,0,16,12,8,16,0,36,85
Milton 050,765,15,14,18,0,47,10,2,3,0,15,10,18,10,0,38,7,8,12,0,27,127
Milton 051,1120,19,15,27,0,61,9,8,6,0,23,18,19,25,0,62,23,22,28,0,73,219
Milton 052,1116,19,23,24,0,66,8,11,9,0,28,11,9,14,0,34,18,14,22,0,54,182
Milton 053,755,8,3,24,0,35,6,6,4,0,16,5,11,6,0,22,14,12,29,0,55,128
Milton 054,1314,23,18,46,0,87,16,7,12,0,35,27,16,32,0,75,18,30,36,0,84,281
Milton 055,1157,26,13,42,0,81,8,6,8,0,22,12,9,21,0,42,25,23,55,0,103,248
Milton 056,1120,26,12,44,0,82,8,9,9,0,26,14,9,13,0,36,14,12,19,0,45,189
Milton 057,1048,22,23,27,0,72,4,7,6,0,17,13,23,22,0,58,11,20,35,0,66,213
Milton 058,1001,8,10,21,0,39,7,6,15,0,28,9,34,22,0,65,13,17,22,0,52,184
Milton 059,1086,9,12,30,0,51,10,5,6,0,21,13,17,17,0,47,8,16,27,0,51,170
Milton 060,1194,12,21,19,0,52,3,16,14,0,33,15,10,19,0,44,18,23,29,0,70,199
Milton 061,1020,31,30,27,0,88,9,10,3,0,22,14,16,15,0,45,24,19,19,0,62,217
Milton 062,1222,36,15,36,0,87,9,2,9,0,20,21,24,23,0,68,22,22,40,0,84,259
Milton 063,681,6,3,15,0,24,0,6,4,0,10,12,11,14,0,37,18,7,18,0,43,114
Milton 064,1196,16,18,23,0,57,14,3,7,0,24,17,15,28,0,60,19,15,24,0,58,199
Milton 065,920,14,14,27,0,55,5,6,3,0,14,15,24,20,0,59,13,11,22,0,46,174
Milton 066,1046,21,14,26,0,61,7,4,6,0,17,20,20,20,0,60,21,21,32,0,74,212
Milton 067,898,17,13,41,0,71,4,6,16,0,26,19,18,17,0,54,19,10,36,0,65,216
Milton 068,985,6,12,25,0,43,6,10,3,0,19,9,16,18,0,43,15,25,16,0,56,161
Milton 069,1119,13,27,19,0,59,4,11,8,0,23,11,10,21,0,42,12,13,32,0,57,181
Milton 070,1191,8,16,23,0,47,6,1,11,0,18,8,29,25,0,62,12,8,34,0,54,181
Milton 071,1097,12,11,9,0,32,6,23,6,0,35,15,11,9,0,35,24,11,35,0,70,172
Milton 072,1268,19,8,34,0,61,10,6,6,0,22,13,12,26,0,51,21,15,15,0,51,185
Milton 073,896,24,22,26,0,72,6,10,14,0,30,19,12,19,0,50,16,20,53,0,89,241
Milton 074,898,22,12,30,0,64,5,5,6,0,16,14,16,24,0,54,8,18,25,0,51,185
Milton 075,886,13,21,29,0,63,2,9,12,0,23,8,15,21,0,44,13,19,27,0,59,189
Milton 076,1297,26,22,37,1,86,8,6,8,0,22,18,15,25,0,58,24,21,40,0,85,251
Milton 077,1148,12,11,27,0,50,5,1,5,0,11,14,18,11,0,43,6,24,17,0,47,151
Milton 078,812,11,20,14,0,45,2,6,4,0,12,10,17,5,0,32,9,10,15,0,34,123
Milton 079,970,10,14,29,0,53,6,15,8,0,29,19,19,19,0,57,14,15,29,0,58,197
Milton 080,974,19,12,37,0,68,3,5,12,0,20,23,28,37,0,88,17,22,33,0,72,248
Milton 081,936,15,17,31,0,63,4,5,14,0,23,10,14,30,0,54,14,12,24,0,50,190
Naperville 001,1339,12,32,77,0,121,3,8,12,0,23,6,22,27,0,55,1,10,18,0,29,228
Naperville 002,1138,15,22,41,0,78,2,6,6,0,14,13,13,12,0,38,10,14,20,0,44,174
Naperville 003,1411,11,16,20,0,47,8,36,11,0,55,22,70,34,0,126,13,32,19,0,64,292
Naperville 004,958,4,15,25,0,44,4,15,7,0,26,7,11,18,0,36,9,21,12,0,42,148
Naperville 005,1036,21,22,41,0,84,6,3,12,0,21,3,15,22,0,40,1,6,10,0,17,162
Naperville 006,1277,19,24,63,0,106,10,3,14,0,27,12,10,27,0,49,3,4,13,0,20,202
Naperville 007,1029,22,34,61,0,117,1,0,6,0,7,17,11,13,0,41,5,5,7,0,17,182
Naperville 008,1011,10,24,35,0,69,1,8,6,0,15,1,11,14,0,26,4,5,11,0,20,130
Naperville 009,1115,6,12,27,0,45,0,5,13,0,18,15,28,47,0,90,5,6,35,0,46,199
Naperville 010,1164,14,8,13,0,35,2,10,21,0,33,22,27,45,1,95,2,19,35,0,56,219
Naperville 011,1078,7,16,34,0,57,7,8,7,0,22,10,21,35,0,66,9,14,27,0,50,195
Naperville 012,1116,12,6,16,0,34,10,2,8,0,20,27,20,27,0,74,11,23,19,0,53,181
Naperville 013,1223,20,19,36,0,75,7,4,13,0,24,18,16,46,0,80,16,15,37,0,68,247
Naperville 014,1253,8,1,20,0,29,13,11,17,0,41,19,20,28,0,67,27,16,26,0,69,206
Naperville 015,1014,5,11,23,0,39,7,4,10,0,21,27,29,32,0,88,13,11,27,0,51,199
Naperville 016,1287,7,11,29,0,47,4,11,9,0,24,15,19,37,0,71,13,27,26,0,66,208
Naperville 017,1411,16,17,39,0,72,2,9,9,0,20,12,22,33,1,68,16,21,26,0,63,223
Naperville 018,1214,17,9,27,0,53,7,7,10,0,24,13,16,28,0,57,17,22,19,0,58,192
Naperville 019,1015,8,16,42,0,66,3,3,10,0,16,8,13,13,0,34,5,1,18,0,24,140
Naperville 020,1044,8,16,53,0,77,2,9,12,0,23,6,9,16,0,31,9,4,18,0,31,162
Naperville 021,1300,16,15,40,0,71,5,2,18,0,25,28,24,40,0,92,14,23,27,0,64,252
Naperville 022,1025,6,9,5,0,20,10,3,7,0,20,50,24,28,0,102,15,13,23,0,51,193
Naperville 023,1023,8,12,9,1,30,22,19,14,0,55,19,8,35,0,62,12,11,17,0,40,187
Naperville 024,1185,10,6,34,0,50,14,14,55,0,83,8,7,10,0,25,2,5,16,0,23,181
Naperville 025,1343,4,9,33,0,46,19,13,60,0,92,3,7,19,0,29,4,3,13,0,20,187
Naperville 026,857,11,9,20,0,40,8,11,25,0,44,5,6,23,0,34,3,8,6,0,17,135
Naperville 027,1018,12,6,27,0,45,31,14,28,0,73,7,5,16,0,28,14,2,9,0,25,171
Naperville 028,1330,15,9,30,0,54,23,16,19,0,58,17,11,16,0,44,10,6,14,0,30,186
Naperville 029,1102,3,12,29,0,44,9,16,18,0,43,20,21,34,0,75,8,8,22,0,38,200
Naperville 030,1150,14,10,20,0,44,18,14,10,0,42,33,31,30,0,94,14,23,27,0,64,244
Naperville 031,1243,3,17,10,0,30,14,14,8,0,36,42,46,21,0,109,26,22,16,0,64,239
Naperville 032,937,5,6,11,0,22,31,20,44,0,95,16,11,16,0,43,6,6,10,0,22,182
Naperville 033,1029,5,7,23,0,35,20,16,34,0,70,10,14,6,0,30,4,5,12,0,21,156
Naperville 034,1050,12,17,23,0,52,19,13,9,0,41,31,17,26,0,74,27,19,43,0,89,256
Naperville 035,1241,6,15,20,0,41,48,39,87,0,174,9,11,15,0,35,5,3,19,0,27,277
Naperville 036,739,10,8,18,0,36,20,30,27,0,77,11,6,15,0,32,2,4,7,0,13,158
Naperville 037,1207,10,11,29,0,50,29,21,86,0,136,13,8,29,0,50,5,3,12,0,20,256
Naperville 038,1358,16,7,32,0,55,29,42,66,0,137,6,8,16,0,30,5,7,19,0,31,253
Naperville 039,1229,5,9,37,0,51,19,29,60,0,108,7,13,16,0,36,3,2,14,0,19,214
Naperville 040,731,10,4,15,0,29,8,6,18,0,32,10,11,9,0,30,5,3,11,0,19,110
Naperville 041,1099,13,12,21,0,46,2,7,7,0,16,21,13,36,0,70,12,7,24,0,43,175
Naperville 042,1090,14,6,29,0,49,5,3,13,0,21,7,16,29,0,52,11,10,34,0,55,177
Naperville 043,1086,11,17,23,0,51,6,5,11,0,22,12,16,36,0,64,16,21,24,0,61,198
Naperville 044,990,5,17,20,0,42,7,6,12,0,25,29,13,24,0,66,27,20,24,0,71,204
Naperville 045,961,20,20,19,0,59,5,5,5,0,15,21,16,35,0,72,23,11,16,0,50,196
Naperville 046,1297,13,19,35,0,67,7,5,8,0,20,29,36,63,0,128,12,18,29,0,59,274
Naperville 047,1263,8,9,35,0,52,23,27,75,0,125,8,9,17,0,34,4,7,19,0,30,241
Naperville 048,1169,18,7,36,0,61,12,30,40,0,82,0,8,13,0,21,2,6,5,0,13,177
Naperville 049,1565,8,17,42,0,67,19,20,50,0,89,5,10,23,0,38,10,7,20,0,37,231
Naperville 050,1331,12,6,40,0,58,15,14,61,1,91,5,6,18,0,29,2,4,16,0,22,200
Naperville 051,1380,12,9,49,0,70,31,23,77,0,131,18,7,29,0,54,8,7,25,0,40,295
Naperville 052,1315,7,11,45,0,63,12,38,79,0,129,3,14,14,0,31,3,7,11,0,21,244
Naperville 053,1049,16,17,33,0,66,21,29,36,0,86,4,5,6,0,15,5,3,7,0,15,182
Naperville 054,1037,4,18,18,0,40,17,26,46,0,89,4,11,12,0,27,2,2,9,0,13,169
Naperville 055,1333,15,16,20,0,51,28,33,39,0,100,12,16,23,0,51,3,8,16,0,27,229
Naperville 056,1315,8,14,31,0,53,10,3,25,0,38,21,21,44,0,86,4,14,19,0,37,214
Naperville 057,960,5,8,15,0,28,2,3,17,0,22,29,18,46,0,93,11,18,23,0,52,195
Naperville 058,905,4,11,19,0,34,3,7,10,0,20,17,19,27,0,63,5,15,33,0,53,170
Wayne 001,1352,44,17,17,0,78,7,6,12,0,25,27,14,5,0,46,16,8,8,0,32,181
Wayne 002,1107,35,24,23,0,82,2,3,4,0,9,23,17,16,0,56,15,7,14,0,36,183
Wayne 003,1036,24,16,24,0,64,5,3,4,0,12,15,3,13,0,31,18,13,12,0,43,150
Wayne 004,1074,26,11,24,0,61,3,9,5,0,17,12,10,12,0,34,14,11,16,0,41,153
Wayne 005,746,1,7,35,0,43,4,1,7,0,12,7,6,7,0,20,3,6,9,0,18,93
Wayne 006,852,23,14,28,0,65,2,1,5,0,8,11,6,16,0,33,9,8,14,0,31,137
Wayne 007,1310,25,21,38,0,84,4,3,8,0,15,24,5,16,0,45,14,8,9,0,31,175
Wayne 008,917,23,13,26,0,62,7,2,5,0,14,17,7,14,0,38,15,11,7,0,33,147
Wayne 009,1036,27,14,31,0,72,9,3,7,0,19,14,11,12,0,37,13,7,10,0,30,158
Wayne 010,1091,21,24,38,0,83,5,5,3,0,13,18,6,12,0,36,6,9,20,0,35,167
Wayne 011,1082,24,21,29,0,74,3,7,4,0,14,12,12,18,0,42,12,6,17,0,35,165
Wayne 012,1255,27,36,33,0,96,12,8,5,0,25,9,8,10,0,27,9,14,13,0,36,184
Wayne 013,965,23,21,29,2,75,5,3,5,0,13,14,7,6,0,27,11,11,23,0,45,160
Wayne 014,1133,36,17,33,0,86,8,5,3,0,16,14,8,9,0,31,15,8,18,0,41,174
Wayne 015,1171,48,18,29,0,95,6,3,7,0,16,6,8,13,0,27,10,3,12,0,25,163
Wayne 016,897,26,18,21,0,65,1,6,3,0,10,5,9,10,0,24,8,2,12,0,22,121
Wayne 017,1228,24,18,39,0,81,4,5,9,0,18,20,10,16,0,46,13,11,19,0,43,188
Wayne 018,705,13,2,22,0,37,1,3,5,0,9,3,5,10,0,18,2,3,6,0,11,75
Wayne 019,1137,18,24,20,0,62,0,1,5,0,6,3,7,8,0,18,1,6,12,0,19,105
Wayne 020,1340,21,26,27,0,74,1,0,2,0,3,12,6,14,0,32,7,7,15,0,29,138
Wayne 021,1154,13,13,25,0,51,1,1,7,0,9,10,5,6,0,21,10,11,6,0,27,108
Wayne 022,952,22,10,22,0,54,2,3,6,0,11,5,5,5,0,15,6,6,10,0,22,102
Wayne 023,1077,19,15,26,0,60,4,7,5,0,16,10,11,10,0,31,9,5,12,0,26,133
Wayne 024,945,13,9,35,0,57,5,5,3,0,13,6,9,12,0,27,2,7,14,0,23,120
Wayne 025,1003,21,11,17,0,49,3,3,8,0,14,8,3,14,0,25,6,16,17,0,39,127
Wayne 026,1128,17,17,54,0,88,4,0,9,0,13,3,7,10,0,20,2,4,13,0,19,140
Wayne 027,1046,16,5,52,0,73,11,5,10,0,26,10,11,21,0,42,10,10,19,0,39,180
Wayne 028,1099,13,12,34,0,59,6,12,3,0,21,9,14,19,0,42,6,10,19,0,35,157
Wayne 029,940,7,19,27,0,53,0,6,5,0,11,13,8,25,0,46,2,7,30,0,39,149
Wayne 030,1194,15,16,37,0,68,4,7,9,0,20,10,23,24,0,57,10,19,27,0,56,201
Wayne 031,1079,20,18,34,0,72,2,9,8,0,19,10,13,15,0,38,5,16,18,0,39,168
Wayne 032,1028,9,11,31,0,51,1,7,5,0,13,8,17,11,0,36,9,9,16,0,34,134
Wayne 033,1246,12,36,31,0,79,3,3,4,0,10,3,6,10,0,19,1,7,16,0,24,132
Wayne 034,838,16,13,19,0,48,6,1,8,0,15,7,6,15,0,28,11,11,16,0,38,129
Wayne 035,702,15,10,10,0,35,3,1,4,0,8,9,10,7,0,26,6,6,14,0,26,95
Wayne 036,1123,23,26,40,0,89,1,8,9,0,18,3,17,16,0,36,15,20,41,0,76,219
Wayne 037,1117,11,11,33,0,55,4,5,6,0,15,4,7,16,0,27,10,7,13,0,30,127
Wayne 038,1309,4,44,37,0,85,1,3,4,0,8,2,12,14,0,28,3,13,16,0,32,153
Wayne 039,1425,40,37,71,0,148,3,0,4,0,7,1,6,5,0,12,7,1,4,0,12,179
Wayne 040,1001,17,24,26,1,68,4,3,1,0,8,8,12,4,0,24,9,9,6,0,24,124
Wayne 041,1093,20,18,34,0,72,2,3,4,0,9,8,14,7,0,29,9,12,14,0,35,145
Wayne 042,917,14,14,23,0,51,2,6,3,0,11,11,12,17,0,40,4,10,15,0,29,131
Wayne 043,971,24,24,26,0,74,1,5,3,0,9,2,8,8,0,18,7,10,7,0,24,125
Winfield 001,1187,31,34,106,0,171,1,1,4,0,6,3,5,5,0,13,1,4,11,0,16,206
Winfield 002,1101,46,24,64,0,134,5,4,4,0,13,7,7,9,0,23,2,6,13,0,21,191
Winfield 003,1129,16,11,22,0,49,6,7,4,0,17,8,17,6,0,31,19,11,15,0,45,142
Winfield 004,1197,25,33,40,0,98,9,6,14,0,29,11,12,12,0,35,15,18,23,0,56,218
Winfield 005,1361,41,45,111,0,197,3,3,5,0,11,2,4,9,0,15,1,5,8,0,14,237
Winfield 006,1117,20,24,62,1,107,0,2,2,0,4,4,11,16,0,31,3,8,20,0,31,173
Winfield 007,982,17,26,15,0,58,19,7,8,0,34,19,16,1,0,36,13,12,10,0,35,163
Winfield 008,1079,29,32,26,0,87,3,8,4,0,15,5,8,12,0,25,9,12,27,0,48,175
Winfield 009,1286,22,37,75,0,134,2,0,5,0,7,4,3,5,0,12,1,2,1,0,4,157
Winfield 010,1213,20,41,95,1,157,0,0,1,0,1,0,3,2,0,5,0,2,1,0,3,166
Winfield 011,875,14,28,57,0,99,1,4,0,0,5,1,1,2,0,4,0,3,4,0,7,115
Winfield 012,1103,25,22,62,0,109,0,0,2,0,2,0,0,2,0,2,0,2,0,0,2,115
Winfield 013,1444,27,25,98,1,151,1,2,3,0,6,1,3,3,0,7,2,4,4,0,10,174
Winfield 014,963,16,27,42,0,85,3,4,5,0,12,4,15,14,0,33,1,16,19,0,36,166
Winfield 015,1204,29,46,63,0,138,3,6,10,0,19,12,15,14,0,41,10,9,33,0,52,250
Winfield 016,1160,35,33,56,0,124,6,3,5,0,14,14,18,11,0,43,16,14,27,0,57,238
Winfield 017,1052,15,35,47,0,97,2,3,6,0,11,9,21,13,0,43,8,10,16,0,34,185
Winfield 018,1133,41,26,38,1,106,4,11,6,0,21,13,18,16,1,48,18,19,29,0,66,241
Winfield 019,918,23,18,18,0,59,2,2,12,0,16,9,9,12,0,30,7,18,17,0,42,147
Winfield 020,850,12,21,21,0,54,1,8,3,0,12,5,7,8,0,20,4,6,11,0,21,107
Winfield 021,940,14,17,28,0,59,3,2,2,0,7,16,8,12,0,36,13,14,17,0,44,146
Winfield 022,1358,18,42,80,0,140,2,1,8,0,11,2,5,19,0,26,4,14,13,0,31,208
Winfield 023,937,23,16,33,0,72,8,8,4,0,20,4,9,10,0,23,10,8,19,0,37,152
Winfield 024,1130,15,18,33,0,66,6,8,6,0,20,12,7,12,0,31,4,10,18,1,33,150
Winfield 025,840,13,11,34,0,58,10,3,10,0,23,8,14,11,0,33,13,5,14,0,32,146
Winfield 026,874,17,18,16,0,51,5,7,4,0,16,13,13,11,0,37,20,7,22,0,49,153
Winfield 027,962,9,11,23,0,43,3,5,8,0,16,10,18,20,0,48,6,15,23,0,44,151
York 001,1114,10,12,42,0,64,2,5,12,0,19,9,19,22,0,50,9,13,26,0,48,181
York 002,992,10,12,23,0,45,7,7,12,0,26,10,19,21,0,50,13,25,33,0,71,192
York 003,991,9,19,21,0,49,4,4,10,0,18,16,14,24,0,54,7,10,38,0,55,176
York 004,1188,15,21,28,0,64,1,8,8,0,17,14,9,27,0,50,7,15,39,0,61,192
York 005,581,4,7,28,0,39,1,1,1,0,3,2,5,7,0,14,6,2,7,0,15,71
York 006,1018,28,19,44,0,91,4,3,8,0,15,10,12,18,0,40,12,8,28,0,48,194
York 007,1096,30,14,42,0,86,4,0,5,0,9,18,15,25,0,58,16,9,15,0,40,193
York 008,860,18,17,32,0,67,2,5,8,0,15,7,5,11,0,23,4,9,11,0,24,129
York 009,1085,10,11,11,0,32,3,3,4,0,10,28,20,20,0,68,34,20,28,0,82,192
York 010,1295,14,21,23,0,58,11,5,7,0,23,26,22,25,0,73,47,18,23,0,88,242
York 011,1195,18,23,13,0,54,3,5,1,0,9,13,16,20,0,49,40,26,27,0,93,205
York 012,1136,19,14,22,0,55,7,1,1,0,9,35,12,22,0,69,37,18,20,0,75,208
York 013,1249,12,19,41,1,73,2,18,13,0,33,14,20,41,0,75,21,34,46,0,101,282
York 014,1015,26,11,21,0,58,6,2,5,0,13,10,6,16,0,32,18,17,19,0,54,157
York 015,1099,17,20,25,0,62,4,3,7,0,14,17,13,24,0,54,21,15,23,0,59,189
York 016,1095,21,23,33,0,77,0,2,11,0,13,20,26,31,0,77,17,4,28,0,49,216
York 017,1219,16,11,34,0,61,7,4,9,0,20,19,27,27,0,73,28,13,32,0,73,227
York 018,1228,15,11,25,0,51,6,3,1,0,10,25,15,29,0,69,28,19,40,0,87,217
York 019,1244,16,10,19,0,45,1,8,5,0,14,13,19,30,0,62,27,30,38,0,95,216
York 020,1241,24,17,28,0,69,9,7,11,0,27,19,13,38,0,70,15,17,49,0,81,247
York 021,945,10,26,35,0,71,1,4,6,0,11,16,22,21,0,59,6,9,22,0,37,178
York 022,1133,18,16,53,1,88,5,7,9,0,21,17,27,35,0,79,22,24,36,0,82,270
York 023,1380,20,29,47,1,97,3,8,9,0,20,26,32,65,0,123,15,20,40,1,76,316
York 024,1191,28,18,34,0,80,6,8,10,0,24,19,18,34,0,71,12,15,32,0,59,234
York 025,1192,24,20,30,0,74,7,1,7,0,15,47,46,35,0,128,14,15,28,0,57,274
York 026,930,12,15,34,0,61,5,3,5,0,13,14,15,18,0,47,14,16,16,0,46,167
York 027,864,5,3,22,0,30,1,4,8,0,13,12,10,20,0,42,16,11,24,0,51,136
York 028,895,7,10,18,0,35,3,5,6,0,14,20,11,16,0,47,29,22,18,0,69,165
York 029,984,7,4,13,0,24,1,3,2,0,6,15,15,15,0,45,11,17,27,0,55,130
York 030,803,8,10,16,0,34,1,3,5,0,9,16,12,26,0,54,15,9,30,0,54,151
York 031,1002,19,33,47,0,99,4,3,12,0,19,13,8,27,0,48,15,14,29,0,58,224
York 032,769,13,12,21,0,46,0,6,7,0,13,5,8,19,0,32,8,12,41,0,61,152
York 033,1010,15,19,43,0,77,2,0,10,0,12,22,20,45,0,87,12,20,39,0,71,247
York 034,1084,13,24,42,0,79,5,4,12,0,21,25,25,43,0,93,20,18,27,0,65,258
York 035,997,19,20,23,0,62,3,8,6,0,17,25,22,34,0,81,24,12,19,0,55,215
York 036,1031,16,11,38,0,65,1,4,7,0,12,27,17,18,0,62,19,8,19,0,46,185
York 037,1199,32,26,31,0,89,3,5,4,0,12,23,21,27,0,71,46,19,30,0,95,267
York 038,1225,34,20,37,0,91,16,11,10,0,37,25,12,35,0,72,25,16,53,0,94,294
York 039,959,23,14,28,0,65,10,5,8,0,23,28,10,22,0,60,10,17,20,0,47,195
York 040,1174,16,8,23,0,47,5,1,6,0,12,18,13,29,0,60,21,10,32,0,63,182
York 041,1205,5,12,21,0,38,4,9,8,0,21,23,22,40,0,85,8,15,38,0,61,205
York 042,1218,7,14,24,0,45,3,5,6,0,14,14,22,44,0,80,14,15,27,0,56,195
York 043,1145,11,6,29,0,46,5,1,5,0,11,33,28,50,0,111,17,9,30,0,56,224
York 044,1259,23,23,31,0,77,4,3,5,0,12,17,30,28,0,75,12,11,25,0,48,212
York 045,1192,23,14,53,0,90,4,3,7,0,14,18,15,34,0,67,9,25,45,0,79,250
York 046,1075,33,21,41,0,95,1,5,6,0,12,20,11,33,0,64,9,5,23,0,37,208
York 047,1199,43,25,45,0,113,7,3,4,0,14,27,10,40,0,77,25,16,30,2,73,277
York 048,1145,14,14,28,0,56,4,4,9,0,17,10,19,17,0,46,23,21,16,0,60,179
York 049,1003,15,9,19,0,43,5,3,9,0,17,11,49,57,0,117,10,13,20,0,43,220
York 050,1215,7,16,29,0,52,0,4,5,0,9,6,32,40,0,78,15,20,36,0,71,210
York 051,950,6,8,10,0,24,1,2,6,0,9,18,10,19,0,47,10,15,20,0,45,125
York 052,954,8,5,10,0,23,3,3,7,0,13,13,22,30,0,65,10,14,26,0,50,151
York 053,1366,16,14,66,0,96,4,5,16,0,25,14,19,15,0,48,15,13,24,0,52,221
York 054,992,28,10,42,0,80,2,3,4,0,9,10,12,30,0,52,15,8,26,0,49,190
York 055,1064,19,22,44,0,85,2,5,6,0,13,7,11,19,1,38,15,18,16,0,49,185
York 056,717,3,10,14,0,27,0,7,5,0,12,8,20,21,0,49,4,12,28,0,44,132
York 057,1171,9,15,22,0,46,2,3,6,0,11,29,28,21,0,78,15,26,25,0,66,201
York 058,972,13,13,25,0,51,4,2,5,0,11,14,18,32,0,64,12,12,28,0,52,178
York 059,1217,6,4,37,0,47,0,2,9,0,11,13,16,39,1,69,12,8,23,0,43,170
York 060,1192,23,22,52,0,97,4,6,8,0,18,11,12,22,0,45,17,14,28,0,59,219
York 061,1247,23,22,41,0,86,8,6,11,0,25,17,18,16,0,51,17,20,31,0,68,230
York 062,1111,16,20,40,0,76,3,2,5,0,10,14,7,20,0,41,6,4,16,0,26,153
York 063,929,24,18,47,0,89,4,6,5,0,15,8,14,13,0,35,8,8,27,0,43,182
York 064,1371,33,12,40,0,85,3,8,9,0,20,15,27,25,0,67,21,23,39,0,83,255
York 065,1288,45,16,43,0,104,4,7,3,0,14,19,29,15,0,63,18,22,17,0,57,238
York 066,1205,53,33,55,0,141,5,1,3,0,9,13,20,14,0,47,16,16,19,0,51,248
York 067,1118,18,23,28,0,69,11,6,10,0,27,33,38,24,0,95,13,26,26,0,65,256
York 068,1273,34,23,47,0,104,11,6,5,0,22,17,22,21,0,60,18,18,19,0,55,241
York 069,976,26,7,30,0,63,2,2,9,0,13,9,5,9,0,23,12,8,21,0,41,140
York 070,902,9,4,32,0,45,2,3,4,0,9,9,7,14,0,30,7,8,35,0,50,134
York 071,1148,10,14,13,0,37,4,8,3,0,15,13,19,7,0,39,18,17,28,0,63,154
York 072,1140,24,4,40,0,68,0,1,3,0,4,9,5,15,0,29,8,10,20,0,38,139
York 073,1069,15,25,38,0,78,5,8,9,0,22,6,19,26,0,51,9,34,53,0,96,247
York 074,1136,15,24,38,0,77,5,5,7,0,17,13,17,10,0,40,20,25,15,0,60,194
York 075,1171,34,13,24,0,71,5,4,7,0,16,16,25,14,0,55,34,30,21,0,85,227
York 076,880,10,9,17,0,36,3,4,3,0,10,11,12,10,0,33,9,12,17,0,38,117
York 077,1247,82,12,41,0,135,5,4,0,0,9,9,7,8,0,24,9,9,12,0,30,198
York 078,449,9,2,9,0,20,3,0,2,0,5,3,3,5,0,11,9,3,16,0,28,64
York 079,1128,64,10,53,0,127,1,6,2,0,9,8,6,12,0,26,9,13,12,0,34,196
York 080,1125,15,13,26,0,54,4,11,14,0,29,6,11,22,0,39,18,18,31,0,67,189
York 081,1301,11,16,24,0,51,2,4,13,0,19,18,20,32,0,70,16,24,36,0,76,216
York 082,823,36,6,17,0,59,4,5,3,0,12,4,8,4,0,16,1,7,9,0,17,104
York 083,839,10,11,27,0,48,4,8,4,0,16,8,16,8,0,32,9,12,9,0,30,126
York 084,1166,15,14,34,0,63,2,12,10,0,24,7,17,50,0,74,11,38,90,0,139,300
York 085,866,11,4,23,0,38,1,3,2,0,6,9,7,7,0,23,9,5,9,0,23,90
York 086,775,15,5,21,0,41,2,1,3,0,6,13,7,11,0,31,20,16,20,0,56,134
Total:,636822,8618,8723,16301,17,33659,2975,3525,5073,2,11575,7947,8798,11885,10,28640,7334,8027,13332,11,28704,102578
