FOR GOVERNOR AND LIEUTENANT GOVERNOR ( 1),,,,,,,,,,,,,,,,,,,,,,
,,TED DABROWSKI / CARRIE MENDOZA,,,,,JAMES MENDRICK / ROBERT RENTERIA,,,,,DARREN BAILEY / AARON B. DEL MAR,,,,,RICK HEIDNER / CHRISTINA NEITZKE-TROIKE,,,,,
Precinct,Registered Voters,Early,Vote by Mail,Polling,Provisional,Total Votes,Early,Vote by Mail,Polling,Provisional,Total Votes,Early,Vote by Mail,Polling,Provisional,Total Votes,Early,Vote by Mail,Polling,Provisional,Total Votes,Total
Addison 001,1083,5,4,12,0,21,6,1,10,0,17,5,3,21,0,29,1,0,5,0,6,73
Addison 002,1180,7,4,22,0,33,2,2,6,0,10,13,6,9,0,28,5,1,6,0,12,83
Addison 003,975,12,4,16,0,32,6,1,13,0,20,6,5,16,0,27,1,0,11,0,12,91
Addison 004,634,4,0,9,0,13,5,2,11,0,18,3,0,9,0,12,2,0,2,0,4,47
Addison 005,528,1,1,5,0,7,1,0,4,0,5,2,1,4,0,7,0,0,2,0,2,21
Addison 006,933,3,5,7,0,15,1,2,4,0,7,3,2,10,0,15,0,0,2,0,2,39
Addison 007,1021,4,5,21,0,30,4,2,8,0,14,6,2,11,0,19,3,2,10,0,15,78
Addison 008,846,3,1,8,0,12,3,1,6,0,10,1,2,8,0,11,2,0,6,0,8,41
Addison 009,1038,6,5,4,0,15,1,2,2,0,5,4,2,3,0,9,2,2,2,0,6,35
Addison 010,1022,9,2,17,0,28,4,2,9,0,15,8,3,13,0,24,5,1,5,0,11,78
Addison 011,1094,13,4,19,0,36,3,2,4,0,9,10,3,13,0,26,5,1,9,0,15,86
Addison 012,1249,12,3,15,0,30,5,0,8,0,13,11,1,17,0,29,0,0,5,0,5,77
Addison 013,1225,11,2,10,0,23,7,3,13,0,23,10,2,13,0,25,2,3,4,0,9,80
Addison 014,984,12,3,18,0,33,7,0,9,0,16,11,3,13,0,27,3,1,5,0,9,85
Addison 015,1119,15,7,15,0,37,5,1,14,1,21,13,3,18,0,34,6,1,7,0,14,106
Addison 016,1151,12,7,14,0,33,7,4,12,0,23,8,8,13,0,29,7,5,8,0,20,105
Addison 017,840,1,1,10,0,12,3,0,12,0,15,1,5,11,0,17,3,0,2,0,5,49
Addison 018,1049,3,1,19,0,23,1,1,4,0,6,4,6,6,0,16,2,0,2,0,4,49
Addison 019,945,2,1,17,0,20,3,0,5,0,8,8,0,9,0,17,4,0,5,0,9,54
Addison 020,1058,0,3,7,0,10,2,1,2,0,5,3,8,6,0,17,1,0,2,0,3,35
Addison 021,751,9,4,6,0,19,2,2,11,0,15,6,1,12,0,19,2,2,5,0,9,62
Addison 022,985,2,1,24,0,27,7,5,4,0,16,10,2,15,0,27,1,2,12,0,15,85
Addison 023,843,6,2,11,0,19,6,4,7,0,17,6,2,14,0,22,5,2,2,0,9,67
Addison 024,827,9,0,10,0,19,2,8,8,0,18,15,1,9,0,25,8,2,7,0,17,79
Addison 025,798,6,5,16,0,27,12,3,8,0,23,5,5,12,0,22,5,4,1,0,10,82
Addison 026,697,9,1,7,0,17,6,0,5,0,11,12,4,10,0,26,0,1,1,0,2,56
Addison 027,999,6,1,4,0,11,5,0,11,0,16,3,0,9,0,12,4,1,4,0,9,48
Addison 028,1163,5,2,6,0,13,5,4,3,0,12,4,0,8,0,12,2,2,0,0,4,41
Addison 029,937,11,0,5,0,16,7,0,1,0,8,5,4,1,0,10,0,2,3,0,5,39
Addison 030,1169,10,6,30,0,46,9,0,12,0,21,10,7,11,0,28,9,1,7,0,17,112
Addison 031,1051,3,1,17,0,21,5,3,12,0,20,2,2,15,0,19,0,3,5,0,8,68
Addison 032,994,2,1,7,0,10,3,1,3,0,7,3,0,6,0,9,1,3,3,0,7,33
Addison 033,794,6,2,7,0,15,6,4,3,0,13,5,2,9,0,16,4,0,2,0,6,50
Addison 034,1019,3,5,26,0,34,10,0,6,0,16,5,5,9,0,19,5,0,7,0,12,81
Addison 035,1104,8,3,9,0,20,6,6,11,0,23,6,11,7,0,24,2,0,5,0,7,74
Addison 036,1235,3,4,4,0,11,2,6,6,0,14,3,3,6,0,12,0,3,3,0,6,43
Addison 037,814,3,2,4,0,9,2,0,5,0,7,3,0,5,0,8,1,2,3,0,6,30
Addison 038,872,3,3,25,0,31,7,3,5,0,15,8,2,4,0,14,5,1,3,0,9,69
Addison 039,1141,6,2,15,0,23,7,3,11,0,21,9,11,18,0,38,5,3,10,0,18,100
Addison 040,1138,5,5,19,0,29,5,3,13,0,21,5,1,12,0,18,2,4,5,0,11,79
Addison 041,878,5,0,9,0,14,4,2,12,0,18,1,2,8,0,11,4,0,4,0,8,51
Addison 042,1161,1,0,3,0,4,3,5,2,0,10,5,1,2,0,8,1,1,3,0,5,27
Addison 043,944,3,2,7,0,12,7,1,6,0,14,6,0,9,0,15,3,0,3,0,6,47
Addison 044,1059,8,4,14,0,26,6,1,15,0,22,6,4,8,0,18,13,0,3,0,16,82
Addison 045,1233,3,2,8,0,13,8,3,13,0,24,4,4,13,0,21,6,2,9,0,17,75
Addison 046,1215,6,3,25,0,34,3,5,6,0,14,3,2,18,0,23,2,0,4,0,6,77
Addison 047,1311,2,3,13,0,18,9,4,5,0,18,5,0,12,0,17,2,0,2,0,4,57
Addison 048,917,5,0,8,0,13,2,1,8,0,11,7,1,11,0,19,1,0,0,0,1,44
Addison 049,636,4,2,6,0,12,8,0,5,0,13,2,2,5,0,9,2,0,4,0,6,40
Addison 050,1014,3,4,12,0,19,8,6,7,0,21,3,9,9,0,21,4,3,8,0,15,76
Addison 051,1159,6,7,17,0,30,11,4,10,0,25,11,3,6,0,20,5,1,1,0,7,82
Addison 052,1283,9,3,9,0,21,3,3,5,0,11,9,6,10,0,25,3,2,6,0,11,68
Addison 053,1023,3,2,11,0,16,4,3,10,0,17,11,2,13,0,26,2,4,7,0,13,72
Bloomingdale 001,656,0,1,0,0,1,2,0,4,0,6,2,0,5,0,7,0,1,2,0,3,17
Bloomingdale 002,1093,4,0,13,0,17,4,3,5,0,12,4,2,15,0,21,1,1,0,0,2,52
Bloomingdale 003,1086,5,7,28,0,40,3,8,9,0,20,7,4,13,0,24,3,5,5,0,13,97
Bloomingdale 004,774,2,3,13,0,18,8,5,10,0,23,0,0,5,0,5,3,1,3,0,7,53
Bloomingdale 005,820,5,2,13,0,20,1,3,4,0,8,6,1,12,0,19,0,3,4,0,7,54
Bloomingdale 006,1067,3,2,18,0,23,2,3,15,0,20,12,2,28,0,42,2,0,3,0,5,90
Bloomingdale 007,754,0,1,4,0,5,3,0,3,0,6,8,0,4,0,12,7,0,2,0,9,32
Bloomingdale 008,787,0,2,4,0,6,0,0,6,0,6,1,0,2,0,3,0,0,2,0,2,17
Bloomingdale 009,1018,4,1,20,0,25,6,6,10,0,22,1,2,14,0,17,3,2,6,0,11,75
Bloomingdale 010,983,2,7,17,0,26,5,4,16,0,25,6,8,14,0,28,2,7,5,0,14,93
Bloomingdale 011,1186,5,4,22,0,31,12,0,16,0,28,6,10,18,0,34,5,3,7,0,15,108
Bloomingdale 012,974,3,0,12,0,15,8,5,6,0,19,5,2,12,0,19,2,0,3,0,5,58
Bloomingdale 013,1015,5,3,20,0,28,3,7,12,0,22,9,7,17,0,33,6,0,14,0,20,103
Bloomingdale 014,1053,6,2,18,0,26,3,3,6,0,12,1,1,8,0,10,5,1,4,0,10,58
Bloomingdale 015,1058,4,2,23,0,29,6,1,12,0,19,3,2,8,1,14,1,2,4,0,7,69
Bloomingdale 016,991,4,3,11,0,18,1,5,7,0,13,5,6,11,0,22,0,0,3,0,3,56
Bloomingdale 017,1146,4,5,30,0,39,7,9,13,0,29,4,4,22,0,30,1,0,10,0,11,109
Bloomingdale 018,1149,7,6,27,0,40,4,9,18,0,31,7,4,33,0,44,8,2,15,0,25,140
Bloomingdale 019,930,8,1,21,0,30,4,3,8,0,15,5,0,15,0,20,7,0,7,0,14,79
Bloomingdale 020,1077,11,2,50,0,63,7,0,21,0,28,4,4,21,0,29,9,3,10,0,22,142
Bloomingdale 021,975,14,3,13,0,30,4,2,8,0,14,4,6,9,0,19,5,2,7,0,14,77
Bloomingdale 022,1009,1,11,10,0,22,1,1,17,0,19,1,2,8,0,11,1,1,4,0,6,58
Bloomingdale 023,1192,4,7,24,0,35,15,5,14,0,34,4,2,18,0,24,1,5,11,0,17,110
Bloomingdale 024,1089,7,3,26,1,37,6,4,6,0,16,5,6,16,0,27,8,2,10,0,20,100
Bloomingdale 025,1089,11,12,37,0,60,4,7,15,0,26,3,3,28,0,34,4,9,12,0,25,145
Bloomingdale 026,1050,11,7,33,0,51,15,2,32,0,49,8,7,21,0,36,2,1,10,0,13,149
Bloomingdale 027,666,6,3,16,0,25,5,2,10,0,17,2,5,12,0,19,4,1,5,0,10,71
Bloomingdale 028,826,4,2,10,0,16,3,1,12,0,16,3,2,6,0,11,1,0,3,0,4,47
Bloomingdale 029,837,8,4,14,0,26,5,5,4,0,14,0,2,10,0,12,1,1,4,0,6,58
Bloomingdale 030,851,5,4,12,0,21,8,1,7,0,16,2,5,9,0,16,9,6,11,0,26,79
Bloomingdale 031,1047,1,4,8,0,13,4,1,6,0,11,1,9,10,0,20,3,0,2,0,5,49
Bloomingdale 032,919,8,4,31,0,43,7,5,9,0,21,6,4,15,0,25,5,3,14,0,22,111
Bloomingdale 033,1079,16,3,25,0,44,4,2,17,0,23,12,0,12,0,24,9,1,15,0,25,116
Bloomingdale 034,1006,6,6,29,0,41,5,4,24,0,33,4,10,13,1,28,6,8,15,0,29,131
Bloomingdale 035,1220,5,7,37,0,49,11,1,23,0,35,2,2,17,0,21,2,0,13,0,15,120
Bloomingdale 036,793,1,4,5,0,10,10,2,13,0,25,2,0,10,0,12,1,4,2,0,7,54
Bloomingdale 037,1065,6,4,6,0,16,5,5,4,0,14,5,1,5,0,11,0,0,5,0,5,46
Bloomingdale 038,916,7,6,12,0,25,7,7,12,0,26,3,2,12,0,17,4,1,6,0,11,79
Bloomingdale 039,1066,5,4,7,0,16,4,4,4,0,12,2,7,7,0,16,0,3,6,0,9,53
Bloomingdale 040,1028,2,4,8,0,14,6,3,8,0,17,1,2,8,0,11,0,4,5,0,9,51
Bloomingdale 041,1127,7,4,23,0,34,6,1,8,0,15,1,0,5,0,6,5,4,2,0,11,66
Bloomingdale 042,1305,5,0,6,0,11,4,0,7,0,11,5,0,7,0,12,0,0,3,0,3,37
Bloomingdale 043,1051,3,2,13,0,18,8,4,16,0,28,6,0,8,0,14,3,2,4,0,9,69
Bloomingdale 044,1146,4,5,7,0,16,5,4,15,0,24,10,7,15,0,32,1,4,11,0,16,88
Bloomingdale 045,1024,6,3,15,0,24,7,2,17,0,26,1,6,7,0,14,3,3,15,0,21,85
Bloomingdale 046,665,3,0,9,0,12,3,1,8,0,12,0,0,1,0,1,1,0,0,0,1,26
Bloomingdale 047,1155,4,2,11,0,17,8,0,6,0,14,2,2,10,0,14,5,2,4,0,11,56
Bloomingdale 048,795,8,4,9,0,21,5,1,6,0,12,6,0,1,0,7,0,2,0,0,2,42
Bloomingdale 049,658,1,2,0,0,3,0,0,2,0,2,0,1,3,0,4,1,0,0,0,1,10
Bloomingdale 050,956,5,3,11,0,19,12,5,19,0,36,5,1,9,0,15,1,0,7,0,8,78
Bloomingdale 051,1175,0,4,28,0,32,7,11,29,0,47,8,6,24,0,38,1,0,13,0,14,131
Bloomingdale 052,1132,0,2,9,0,11,3,1,30,0,34,6,6,14,0,26,0,1,5,0,6,77
Bloomingdale 053,839,2,3,9,0,14,0,3,6,0,9,0,3,9,0,12,2,0,1,0,3,38
Bloomingdale 054,1187,4,0,9,0,13,11,6,24,0,41,2,2,13,0,17,2,0,0,0,2,73
Bloomingdale 055,815,2,3,12,0,17,0,1,8,0,9,0,1,3,0,4,0,0,1,0,1,31
Bloomingdale 056,1042,3,4,7,0,14,7,0,9,0,16,2,1,4,0,7,0,0,1,0,1,38
Bloomingdale 057,705,1,0,4,0,5,4,2,7,0,13,2,0,3,0,5,0,0,2,0,2,25
Bloomingdale 058,1358,6,1,6,0,13,10,2,9,0,21,9,1,13,0,23,2,1,1,0,4,61
Bloomingdale 059,925,5,3,6,0,14,4,1,3,0,8,1,0,3,0,4,1,0,1,0,2,28
Bloomingdale 060,1095,2,0,6,0,8,6,0,14,0,20,3,3,11,0,17,2,1,5,0,8,53
Bloomingdale 061,1056,2,0,26,0,28,2,1,21,0,24,3,2,15,0,20,1,0,4,0,5,77
Bloomingdale 062,1047,1,2,18,0,21,5,5,32,0,42,4,2,19,0,25,2,2,7,0,11,99
Bloomingdale 063,1053,4,4,19,0,27,1,5,17,0,23,3,1,14,0,18,0,1,7,0,8,76
Bloomingdale 064,1395,5,3,10,0,18,7,2,11,1,21,4,3,10,0,17,1,0,5,0,6,62
Bloomingdale 065,1265,5,4,8,0,17,6,5,22,0,33,3,5,7,0,15,1,2,4,0,7,72
Bloomingdale 066,1091,4,1,6,0,11,4,1,4,0,9,1,0,4,0,5,4,1,2,0,7,32
Bloomingdale 067,686,1,5,17,0,23,3,3,20,0,26,4,52,52,0,108,0,5,12,0,17,174
Bloomingdale 068,1157,2,2,14,0,18,5,2,14,0,21,8,7,11,0,26,0,1,5,0,6,71
Bloomingdale 069,982,5,5,5,0,15,4,7,4,0,15,4,0,7,0,11,0,1,1,0,2,43
Bloomingdale 070,897,1,3,4,0,8,1,5,5,0,11,0,4,15,0,19,3,0,0,0,3,41
Bloomingdale 071,1295,5,3,13,0,21,4,0,12,0,16,4,1,12,0,17,0,1,5,0,6,60
Bloomingdale 072,993,2,1,12,0,15,7,1,8,0,16,2,1,13,0,16,3,3,4,0,10,57
Downers Grove 001,596,7,8,11,0,26,8,1,18,0,27,4,2,9,0,15,3,2,2,0,7,75
Downers Grove 002,1189,9,6,17,0,32,2,7,10,0,19,9,3,12,0,24,3,1,3,0,7,82
Downers Grove 003,1182,10,7,32,0,49,5,10,18,0,33,4,2,13,0,19,2,3,3,0,8,109
Downers Grove 004,1174,9,1,16,0,26,12,4,19,0,35,6,1,16,0,23,2,3,4,0,9,93
Downers Grove 005,1148,10,5,17,0,32,3,5,13,0,21,5,6,18,0,29,1,1,7,0,9,91
Downers Grove 006,1221,16,4,19,0,39,9,2,7,0,18,7,10,8,0,25,2,3,4,0,9,91
Downers Grove 007,1167,20,9,13,0,42,7,4,0,0,11,4,4,2,0,10,0,0,2,0,2,65
Downers Grove 008,1221,16,1,20,0,37,3,4,9,0,16,4,4,9,0,17,2,0,3,0,5,75
Downers Grove 009,1170,19,9,23,0,51,10,3,4,0,17,6,8,4,0,18,2,2,6,0,10,96
Downers Grove 010,1078,5,2,16,0,23,10,2,19,0,31,5,1,8,0,14,2,4,0,0,6,74
Downers Grove 011,1074,21,7,19,0,47,5,2,2,0,9,5,8,3,0,16,3,0,1,0,4,76
Downers Grove 012,1141,15,10,20,0,45,8,1,9,0,18,3,3,3,0,9,6,4,2,0,12,84
Downers Grove 013,1076,13,6,24,0,43,1,3,9,0,13,6,5,3,0,14,2,0,4,0,6,76
Downers Grove 014,1059,6,3,23,0,32,8,3,8,0,19,1,10,8,0,19,1,1,5,0,7,77
Downers Grove 015,1224,11,5,16,0,32,10,1,7,0,18,11,5,10,0,26,7,3,5,0,15,91
Downers Grove 016,1169,10,8,15,0,33,10,1,11,0,22,12,1,7,0,20,5,3,5,0,13,88
Downers Grove 017,952,15,5,7,0,27,11,4,4,0,19,5,0,10,0,15,3,1,3,0,7,68
Downers Grove 018,817,9,8,22,0,39,1,1,5,0,7,2,2,13,0,17,0,2,2,0,4,67
Downers Grove 019,902,11,7,8,0,26,1,1,1,0,3,3,3,7,0,13,1,1,2,0,4,46
Downers Grove 020,1143,6,9,22,0,37,1,3,8,0,12,3,7,8,0,18,1,2,1,0,4,71
Downers Grove 021,1162,29,6,21,0,56,8,4,2,0,14,8,4,6,0,18,1,1,1,0,3,91
Downers Grove 022,1058,10,6,13,0,29,1,3,1,0,5,6,4,1,0,11,1,0,3,0,4,49
Downers Grove 023,907,10,8,3,0,21,4,5,3,0,12,2,9,7,0,18,0,0,0,0,0,51
Downers Grove 024,982,19,3,23,0,45,5,3,7,0,15,2,6,6,0,14,3,1,3,0,7,81
Downers Grove 025,1099,12,7,17,0,36,7,6,9,0,22,3,3,10,0,16,2,1,4,0,7,81
Downers Grove 026,1104,23,14,32,0,69,3,1,5,0,9,3,3,9,0,15,0,0,3,0,3,96
Downers Grove 027,1072,5,1,13,0,19,6,1,11,0,18,4,3,7,0,14,1,1,4,0,6,57
Downers Grove 028,978,10,8,34,0,52,8,2,13,0,23,4,2,9,0,15,2,0,0,0,2,92
Downers Grove 029,917,0,1,6,0,7,10,6,7,0,23,6,5,7,0,18,3,0,4,0,7,55
Downers Grove 030,927,8,4,17,0,29,6,5,10,0,21,5,5,24,0,34,2,2,7,0,11,95
Downers Grove 031,1150,14,11,18,0,43,5,6,5,0,16,0,10,6,0,16,0,0,1,0,1,76
Downers Grove 032,1092,15,8,14,0,37,3,2,7,0,12,3,9,6,0,18,1,1,2,0,4,71
Downers Grove 033,1019,12,3,9,0,24,15,9,21,0,45,2,2,13,0,17,1,0,2,0,3,89
Downers Grove 034,865,9,5,16,0,30,3,7,0,0,10,3,9,4,0,16,0,0,1,0,1,57
Downers Grove 035,956,12,8,6,0,26,5,2,1,0,8,4,5,14,0,23,1,1,3,0,5,62
Downers Grove 036,925,3,1,18,0,22,8,5,8,0,21,5,5,11,0,21,1,1,5,0,7,71
Downers Grove 037,1074,23,11,29,0,63,9,3,7,0,19,5,3,9,0,17,0,1,2,0,3,102
Downers Grove 038,1083,11,2,8,0,21,12,4,10,0,26,7,4,8,0,19,2,1,3,0,6,72
Downers Grove 039,1259,8,5,19,0,32,10,4,6,0,20,10,4,6,0,20,3,3,6,0,12,84
Downers Grove 040,1206,0,7,18,0,25,6,2,7,0,15,3,4,9,0,16,0,2,4,0,6,62
Downers Grove 041,1054,8,9,15,0,32,6,4,7,0,17,5,6,4,0,15,1,2,3,0,6,70
Downers Grove 042,847,7,4,13,0,24,4,4,6,0,14,5,5,11,0,21,2,5,4,0,11,70
Downers Grove 043,1000,11,1,25,0,37,4,2,10,0,16,0,2,15,0,17,0,2,5,0,7,77
Downers Grove 044,840,3,2,15,0,20,4,4,11,0,19,4,5,9,0,18,3,1,5,0,9,66
Downers Grove 045,1172,10,4,29,0,43,11,1,12,0,24,1,8,5,0,14,0,0,1,0,1,82
Downers Grove 046,1282,35,9,40,0,84,6,1,20,0,27,4,3,11,0,18,2,0,4,0,6,135
Downers Grove 047,1299,4,6,14,0,24,9,6,23,0,38,4,5,9,0,18,2,1,4,0,7,87
Downers Grove 048,1008,6,5,13,0,24,2,2,10,0,14,2,2,2,0,6,1,0,2,0,3,47
Downers Grove 049,967,6,10,7,0,23,1,0,6,0,7,2,2,8,0,12,2,2,2,0,6,48
Downers Grove 050,946,0,5,18,0,23,7,2,15,0,24,5,7,9,0,21,0,1,9,0,10,78
Downers Grove 051,1202,4,1,13,0,18,3,1,3,0,7,4,5,9,0,18,0,0,1,0,1,44
Downers Grove 052,975,6,6,7,0,19,1,3,4,0,8,2,15,10,0,27,0,1,3,0,4,58
Downers Grove 053,1246,12,9,27,0,48,2,7,6,0,15,12,5,13,0,30,4,1,4,0,9,102
Downers Grove 054,1087,6,6,21,0,33,2,1,16,0,19,5,8,17,0,30,1,0,4,0,5,87
Downers Grove 055,964,9,6,27,0,42,13,1,5,0,19,9,4,11,0,24,2,0,4,0,6,91
Downers Grove 056,1054,8,5,15,0,28,16,5,6,0,27,4,6,11,0,21,0,1,5,0,6,82
Downers Grove 057,1310,4,3,3,0,10,4,4,6,0,14,3,2,5,0,10,3,4,0,0,7,41
Downers Grove 058,1109,9,11,16,0,36,10,3,10,0,23,5,10,17,0,32,2,0,4,0,6,97
Downers Grove 059,1319,5,9,31,0,45,5,7,13,0,25,9,14,34,0,57,1,4,10,0,15,142
Downers Grove 060,1063,0,6,22,0,28,5,4,5,0,14,2,7,8,0,17,1,1,10,0,12,71
Downers Grove 061,854,5,0,10,0,15,4,2,18,0,24,11,0,7,0,18,3,4,5,0,12,69
Downers Grove 062,1200,18,8,11,0,37,25,9,19,0,53,5,4,11,0,20,3,1,2,0,6,116
Downers Grove 063,1050,10,9,13,0,32,13,2,18,0,33,5,3,10,0,18,1,0,3,0,4,87
Downers Grove 064,902,13,5,15,0,33,9,4,10,0,23,5,8,6,0,19,0,3,4,0,7,82
Downers Grove 065,971,1,7,27,0,35,4,7,10,0,21,7,6,21,0,34,1,2,3,0,6,96
Downers Grove 066,908,15,5,35,0,55,2,1,10,0,13,4,1,8,0,13,1,2,5,0,8,89
Downers Grove 067,903,7,2,14,0,23,10,5,14,0,29,1,8,18,0,27,3,2,5,0,10,89
Downers Grove 068,1022,4,2,22,0,28,5,4,15,0,24,3,3,17,0,23,2,0,2,0,4,79
Downers Grove 069,1245,9,2,21,0,32,8,0,16,0,24,11,6,13,0,30,1,3,4,0,8,94
Downers Grove 070,901,10,5,19,0,34,5,4,9,0,18,11,2,10,0,23,3,0,1,0,4,79
Downers Grove 071,971,8,4,13,0,25,4,2,9,0,15,14,8,11,0,33,3,0,6,0,9,82
Downers Grove 072,1068,8,2,20,0,30,8,6,18,0,32,10,5,12,0,27,3,0,3,0,6,95
Downers Grove 073,1190,4,7,22,0,33,11,4,37,0,52,4,7,19,0,30,2,1,8,0,11,126
Downers Grove 074,1004,3,10,7,0,20,8,11,15,0,34,5,3,10,0,18,1,6,2,0,9,81
Downers Grove 075,907,3,2,14,0,19,2,3,5,0,10,1,2,16,0,19,2,0,8,0,10,58
Downers Grove 076,1175,7,3,8,0,18,5,5,13,0,23,5,4,1,0,10,2,0,2,0,4,55
Downers Grove 077,1133,13,4,25,0,42,6,4,9,0,19,6,8,11,0,25,1,0,3,0,4,90
Downers Grove 078,1279,6,7,28,0,41,16,12,24,0,52,7,15,10,0,32,1,1,4,0,6,131
Downers Grove 079,961,5,4,13,0,22,5,6,17,0,28,9,4,12,0,25,6,1,4,0,11,86
Downers Grove 080,1087,8,3,16,0,27,6,3,11,0,20,10,14,14,0,38,1,1,5,0,7,92
Downers Grove 081,822,8,7,15,0,30,8,1,20,0,29,7,1,16,0,24,1,0,5,0,6,89
Downers Grove 082,988,4,2,18,0,24,2,5,12,0,19,7,3,15,0,25,2,1,7,0,10,78
Downers Grove 083,1290,2,5,21,0,28,7,4,15,0,26,4,6,25,0,35,6,2,6,0,14,103
Downers Grove 084,994,1,5,34,0,40,3,4,9,0,16,9,6,26,0,41,0,0,7,0,7,104
Downers Grove 085,1266,10,14,22,0,46,9,1,16,0,26,8,18,18,0,44,3,3,4,0,10,126
Downers Grove 086,1206,14,9,30,0,53,18,12,27,0,57,5,5,14,0,24,6,4,8,0,18,152
Downers Grove 087,1165,5,2,13,0,20,12,4,11,0,27,8,6,12,0,26,0,0,1,0,1,74
Downers Grove 088,775,10,9,16,0,35,15,2,18,0,35,6,3,13,0,22,1,0,1,0,2,94
Downers Grove 089,1151,6,3,27,0,36,4,3,12,0,19,2,1,14,0,17,1,0,3,0,4,76
Downers Grove 090,1157,5,5,19,0,29,4,3,18,0,25,4,7,27,0,38,0,1,10,0,11,103
Downers Grove 091,924,8,8,12,0,28,9,4,25,0,38,10,6,12,0,28,2,4,1,0,7,101
Downers Grove 092,963,4,2,28,0,34,10,7,14,0,31,3,5,32,0,40,0,1,10,0,11,116
Downers Grove 093,1173,6,6,33,0,45,3,2,15,0,20,1,9,9,0,19,2,0,4,0,6,90
Downers Grove 094,1235,9,4,26,0,39,11,3,23,0,37,4,5,14,0,23,1,3,4,0,8,107
Downers Grove 095,845,7,3,15,0,25,11,13,21,0,45,3,4,9,0,16,0,1,0,0,1,87
Downers Grove 096,1056,1,4,18,0,23,1,2,15,0,18,8,6,22,0,36,0,0,8,0,8,85
Downers Grove 097,982,5,6,14,0,25,7,4,12,0,23,2,2,18,0,22,1,2,3,0,6,76
Downers Grove 098,1136,13,13,21,0,47,5,3,8,0,16,6,4,15,0,25,1,2,7,0,10,98
Downers Grove 099,1136,3,2,11,0,16,4,0,2,0,6,1,3,6,0,10,1,0,2,0,3,35
Downers Grove 100,1031,4,8,12,0,24,4,4,2,0,10,5,8,11,0,24,0,2,4,0,6,64
Downers Grove 101,1189,6,1,14,0,21,6,4,22,0,32,9,3,8,0,20,0,0,4,0,4,77
Downers Grove 102,1182,3,3,19,0,25,6,11,27,0,44,1,6,21,0,28,1,1,4,0,6,103
Downers Grove 103,887,5,1,8,0,14,0,0,1,0,1,1,2,16,0,19,0,0,3,0,3,37
Lisle 001,1145,13,10,29,0,52,3,3,3,0,9,9,10,11,0,30,1,0,11,0,12,103
Lisle 002,986,5,2,12,0,19,2,2,8,0,12,1,4,5,0,10,1,3,5,0,9,50
Lisle 003,1160,4,9,20,0,33,3,1,14,0,18,2,1,12,0,15,0,0,5,0,5,71
Lisle 004,1172,9,6,21,0,36,4,4,8,0,16,6,6,17,0,29,0,4,5,0,9,90
Lisle 005,1216,5,10,29,0,44,4,2,6,0,12,4,4,13,0,21,3,2,3,0,8,85
Lisle 006,1316,7,4,17,0,28,3,3,10,0,16,3,0,9,0,12,5,1,4,0,10,66
Lisle 007,1161,14,4,25,0,43,10,3,7,0,20,14,2,14,0,30,2,0,7,0,9,102
Lisle 008,1161,5,3,11,0,19,5,1,5,0,11,4,1,12,0,17,1,1,5,0,7,54
Lisle 009,1249,8,1,11,0,20,9,6,7,0,22,14,2,7,0,23,1,3,1,0,5,70
Lisle 010,1279,18,3,19,0,40,9,8,23,0,40,7,5,11,0,23,7,1,4,0,12,115
Lisle 011,1014,12,1,26,0,39,3,4,14,0,21,3,5,10,0,18,3,0,9,0,12,90
Lisle 012,1273,9,8,21,0,38,5,8,1,0,14,5,9,9,0,23,4,1,6,0,11,86
Lisle 013,1002,7,3,15,0,25,4,1,10,0,15,8,7,4,0,19,1,0,6,0,7,66
Lisle 014,851,5,5,7,0,17,0,1,2,0,3,1,2,4,0,7,2,2,0,0,4,31
Lisle 015,887,4,2,15,0,21,3,0,9,0,12,4,0,11,0,15,0,3,4,0,7,55
Lisle 016,1191,14,25,27,0,66,7,2,7,1,17,14,12,20,1,47,1,4,5,0,10,140
Lisle 017,981,13,2,14,0,29,3,3,5,0,11,5,2,10,0,17,3,0,8,0,11,68
Lisle 018,1123,7,0,11,0,18,9,1,10,0,20,13,6,20,0,39,1,0,7,0,8,85
Lisle 019,1037,7,7,21,0,35,10,3,12,0,25,7,7,26,0,40,2,3,4,0,9,109
Lisle 020,1229,13,7,31,0,51,3,2,5,0,10,4,6,8,0,18,3,2,8,0,13,92
Lisle 021,1113,9,1,23,0,33,2,6,9,0,17,5,4,8,0,17,3,0,3,0,6,73
Lisle 022,910,1,7,25,0,33,1,0,10,0,11,2,1,9,0,12,0,0,4,0,4,60
Lisle 023,1283,2,2,17,0,21,7,3,4,0,14,4,0,8,0,12,6,1,5,0,12,59
Lisle 024,798,4,3,15,0,22,5,2,8,0,15,4,4,12,0,20,2,2,4,0,8,65
Lisle 025,1135,6,4,14,0,24,5,4,12,0,21,4,2,10,0,16,5,0,0,0,5,66
Lisle 026,1143,10,14,40,0,64,2,4,5,0,11,8,10,13,0,31,2,2,9,0,13,119
Lisle 027,1172,8,11,34,0,53,2,2,10,0,14,8,5,18,0,31,2,0,8,0,10,108
Lisle 028,1277,8,6,33,0,47,6,1,9,0,16,7,3,15,0,25,0,1,10,0,11,99
Lisle 029,840,8,4,13,0,25,1,2,1,0,4,2,1,0,0,3,1,0,2,0,3,35
Lisle 030,1121,6,2,20,0,28,2,0,5,0,7,4,8,13,0,25,1,2,7,0,10,70
Lisle 031,1071,5,7,29,0,41,4,2,5,0,11,3,8,12,0,23,1,2,3,0,6,81
Lisle 032,1156,5,6,15,0,26,10,3,10,0,23,7,3,7,0,17,2,1,0,0,3,69
Lisle 033,902,4,5,15,0,24,10,7,13,0,30,11,4,11,0,26,2,1,10,0,13,93
Lisle 034,1208,3,8,17,0,28,4,3,9,0,16,4,2,19,0,25,1,0,3,0,4,73
Lisle 035,1050,10,5,23,0,38,4,6,10,0,20,4,3,23,0,30,1,2,2,1,6,94
Lisle 036,1057,8,4,52,0,64,5,1,8,0,14,9,8,19,0,36,0,0,12,0,12,126
Lisle 037,1274,39,15,77,0,131,6,0,9,0,15,0,8,23,0,31,2,3,13,0,18,195
Lisle 038,831,9,8,19,0,36,3,7,2,0,12,4,0,12,0,16,1,2,6,0,9,73
Lisle 039,927,3,2,27,0,32,4,1,8,0,13,0,4,10,0,14,1,1,8,0,10,69
Lisle 040,1293,15,12,22,0,49,2,2,8,0,12,6,10,13,0,29,3,1,6,0,10,100
Lisle 041,1224,12,5,17,0,34,2,5,6,0,13,7,10,20,0,37,2,4,4,0,10,94
Lisle 042,1128,3,7,13,0,23,3,2,4,0,9,3,6,8,0,17,1,2,3,0,6,55
Lisle 043,938,1,1,20,0,22,5,1,9,0,15,8,4,10,0,22,1,2,7,0,10,69
Lisle 044,1010,1,2,18,0,21,10,1,10,0,21,8,8,13,0,29,1,2,4,0,7,78
Lisle 045,1132,3,5,10,0,18,1,0,7,0,8,6,6,22,0,34,0,0,5,0,5,65
Lisle 046,674,1,1,4,0,6,2,3,2,0,7,0,3,4,0,7,0,0,0,0,0,20
Lisle 047,847,6,4,16,0,26,4,1,7,0,12,8,4,22,0,34,2,1,4,0,7,79
Lisle 048,707,8,1,25,0,34,4,0,11,0,15,7,5,14,0,26,6,0,4,0,10,85
Lisle 049,1083,7,11,35,0,53,5,6,12,0,23,3,7,20,0,30,1,3,4,0,8,114
Lisle 050,926,9,6,14,0,29,1,1,11,0,13,11,6,9,0,26,1,3,5,0,9,77
Lisle 051,931,2,1,10,0,13,3,2,8,0,13,3,4,15,0,22,0,3,6,0,9,57
Lisle 052,1173,7,6,15,0,28,7,2,11,0,20,3,6,15,0,24,1,2,2,0,5,77
Lisle 053,1158,3,1,10,0,14,5,1,7,0,13,8,3,11,0,22,0,4,5,0,9,58
Lisle 054,1139,17,6,52,0,75,4,1,22,0,27,9,9,29,0,47,4,1,11,0,16,165
Lisle 055,1176,6,4,23,0,33,6,4,18,0,28,6,7,27,0,40,0,3,4,0,7,108
Lisle 056,862,4,6,10,0,20,6,0,4,0,10,2,4,5,0,11,3,0,0,0,3,44
Lisle 057,1158,4,4,34,0,42,9,4,13,0,26,1,4,19,0,24,2,4,15,0,21,113
Lisle 058,1057,2,1,16,0,19,0,1,13,0,14,4,4,13,0,21,4,0,9,0,13,67
Lisle 059,1340,7,8,17,0,32,4,2,22,0,28,4,0,17,0,21,2,0,3,0,5,86
Lisle 060,1069,6,0,2,0,8,5,2,9,0,16,0,0,10,0,10,1,1,2,0,4,38
Lisle 061,807,16,8,28,0,52,6,0,9,0,15,10,3,15,0,28,1,1,5,0,7,102
Lisle 062,967,2,5,23,0,30,5,4,11,0,20,9,1,22,0,32,0,1,3,0,4,86
Lisle 063,1335,5,4,50,0,59,4,3,13,0,20,3,5,24,0,32,3,0,8,0,11,122
Lisle 064,1046,1,4,30,0,35,0,0,4,0,4,3,4,16,0,23,2,2,11,0,15,77
Lisle 065,1000,8,2,18,0,28,5,7,10,0,22,2,5,20,0,27,3,2,5,0,10,87
Lisle 066,962,2,1,7,0,10,4,7,3,0,14,5,2,3,0,10,0,1,6,0,7,41
Lisle 067,1217,4,0,12,0,16,2,0,10,0,12,3,8,9,0,20,5,0,3,0,8,56
Lisle 068,1266,10,3,14,0,27,1,1,4,0,6,4,8,16,0,28,1,1,8,0,10,71
Lisle 069,1039,4,0,16,0,20,5,2,6,0,13,6,5,11,0,22,3,1,3,0,7,62
Lisle 070,1145,5,3,4,0,12,2,6,4,0,12,2,6,4,0,12,0,0,0,0,0,36
Lisle 071,988,10,2,23,0,35,4,3,14,0,21,13,6,4,0,23,0,3,9,0,12,91
Lisle 072,1032,5,7,23,0,35,4,2,15,0,21,1,6,13,0,20,2,1,4,0,7,83
Lisle 073,1269,6,10,32,0,48,2,3,9,0,14,0,9,11,0,20,0,3,11,0,14,96
Lisle 074,859,4,3,25,0,32,3,8,6,0,17,8,8,16,0,32,2,2,4,0,8,89
Lisle 075,1075,4,8,26,0,38,6,1,23,0,30,3,10,13,0,26,0,3,8,0,11,105
Lisle 076,993,8,4,14,0,26,3,2,9,0,14,5,1,11,0,17,3,0,3,0,6,63
Lisle 077,1144,9,0,14,0,23,11,2,15,0,28,8,6,5,0,19,2,1,5,0,8,78
Milton 001,1048,6,3,36,0,45,7,1,15,0,23,3,10,10,0,23,1,0,9,0,10,101
Milton 002,1117,9,8,26,0,43,4,5,15,0,24,3,9,21,0,33,0,0,7,0,7,107
Milton 003,857,0,1,9,0,10,2,0,1,0,3,1,0,4,0,5,1,0,1,0,2,20
Milton 004,1407,1,5,9,0,15,1,3,3,0,7,3,4,10,0,17,3,1,3,0,7,46
Milton 005,1149,2,2,6,0,10,1,1,10,0,12,2,1,8,0,11,0,0,1,0,1,34
Milton 006,1057,4,4,4,0,12,5,4,12,0,21,4,3,5,0,12,0,1,4,0,5,50
Milton 007,1027,5,9,13,0,27,4,1,6,0,11,1,3,6,0,10,0,2,6,0,8,56
Milton 008,953,2,6,14,0,22,4,4,4,0,12,1,1,6,0,8,1,0,4,0,5,47
Milton 009,1114,3,2,30,0,35,7,2,10,0,19,8,2,17,0,27,0,0,7,0,7,88
Milton 010,965,0,0,19,0,19,7,0,17,0,24,2,4,9,0,15,0,0,4,0,4,62
Milton 011,483,3,2,5,0,10,0,0,3,0,3,1,1,2,0,4,0,0,0,0,0,17
Milton 012,1296,11,15,41,0,67,3,5,42,0,50,10,9,21,0,40,2,2,10,0,14,171
Milton 013,1014,6,4,30,0,40,5,3,26,0,34,9,4,20,0,33,2,1,6,0,9,116
Milton 014,1132,42,11,46,0,99,9,4,9,0,22,3,4,11,0,18,0,0,7,0,7,146
Milton 015,1334,20,14,48,0,82,5,1,21,0,27,1,0,13,0,14,4,0,4,0,8,131
Milton 016,1182,12,5,25,0,42,12,4,19,0,35,5,9,11,0,25,2,0,1,0,3,105
Milton 017,885,22,5,23,0,50,8,8,15,0,31,2,6,16,0,24,0,3,9,0,12,117
Milton 018,1129,7,6,18,0,31,9,2,6,0,17,9,3,10,0,22,3,2,4,0,9,79
Milton 019,890,6,7,30,0,43,7,2,5,0,14,8,4,6,0,18,1,2,4,0,7,82
Milton 020,1080,21,3,20,0,44,3,1,10,0,14,4,4,12,0,20,1,0,4,0,5,83
Milton 021,1121,7,4,24,0,35,10,3,6,0,19,4,4,10,0,18,3,2,3,0,8,80
Milton 022,825,7,5,15,0,27,6,7,17,0,30,7,4,9,0,20,0,0,4,0,4,81
Milton 023,796,8,3,25,0,36,12,0,18,0,30,3,4,5,0,12,3,0,2,0,5,83
Milton 024,1052,15,11,47,0,73,6,3,8,0,17,7,6,15,0,28,5,3,1,0,9,127
Milton 025,1177,11,11,40,0,62,6,6,5,0,17,3,7,11,0,21,3,1,2,0,6,106
Milton 026,1060,6,5,32,0,43,4,4,8,0,16,2,3,20,0,25,2,2,10,0,14,98
Milton 027,806,11,11,30,0,52,6,5,10,0,21,6,4,14,0,24,3,5,9,0,17,114
Milton 028,821,4,5,29,0,38,9,4,13,0,26,6,8,15,0,29,0,0,7,0,7,100
Milton 029,1046,3,6,15,0,24,3,7,10,0,20,1,3,3,0,7,2,3,1,0,6,57
Milton 030,891,5,10,15,0,30,4,3,14,0,21,3,3,14,0,20,0,0,0,0,0,71
Milton 031,1365,12,2,29,0,43,13,12,23,0,48,2,5,14,0,21,1,0,9,0,10,122
Milton 032,1266,16,12,41,0,69,6,1,9,0,16,4,2,10,0,16,3,3,6,0,12,113
Milton 033,1366,17,5,21,0,43,19,6,20,0,45,10,4,10,0,24,5,0,5,0,10,122
Milton 034,1237,13,2,22,0,37,8,3,14,0,25,3,1,15,0,19,2,0,3,0,5,86
Milton 035,1276,13,6,16,0,35,4,5,10,0,19,3,3,11,0,17,1,1,6,0,8,79
Milton 036,1169,10,8,24,0,42,4,3,9,0,16,3,4,9,0,16,1,0,2,0,3,77
Milton 037,963,14,18,20,0,52,18,25,6,0,49,4,21,2,0,27,3,11,1,0,15,143
Milton 038,1204,17,7,13,0,37,18,8,21,0,47,5,6,10,0,21,3,0,11,0,14,119
Milton 039,908,11,1,20,0,32,5,5,9,0,19,2,3,9,0,14,1,1,7,0,9,74
Milton 040,1202,5,4,15,0,24,6,1,8,0,15,5,6,7,0,18,2,4,2,0,8,65
Milton 041,897,8,4,18,0,30,9,7,6,0,22,5,3,4,0,12,1,1,3,0,5,69
Milton 042,1112,12,10,20,0,42,12,3,17,0,32,9,5,11,0,25,3,0,3,0,6,105
Milton 043,1071,18,10,31,0,59,5,2,11,0,18,6,7,7,0,20,4,1,2,0,7,104
Milton 044,1079,8,10,15,0,33,4,9,11,0,24,6,7,5,0,18,6,0,5,0,11,86
Milton 045,1296,10,10,13,0,33,15,7,16,0,38,5,11,8,0,24,2,0,2,0,4,99
Milton 046,923,0,1,4,0,5,5,1,7,0,13,1,0,3,0,4,1,2,1,0,4,26
Milton 047,1013,14,3,22,0,39,15,5,16,0,36,5,6,12,0,23,1,0,6,0,7,105
Milton 048,963,5,6,30,0,41,4,4,17,0,25,5,6,13,0,24,0,1,3,0,4,94
Milton 049,443,10,9,14,0,33,0,1,6,0,7,1,2,1,0,4,0,0,1,0,1,45
Milton 050,765,8,2,30,0,40,1,1,11,0,13,3,2,25,0,30,2,0,2,0,4,87
Milton 051,1120,8,0,17,0,25,8,4,23,0,35,8,5,11,0,24,3,0,6,0,9,93
Milton 052,1116,5,5,11,0,21,4,1,5,0,10,9,2,8,0,19,1,3,3,0,7,57
Milton 053,755,2,2,10,0,14,3,2,3,0,8,3,3,6,0,12,0,1,2,0,3,37
Milton 054,1314,6,7,34,0,47,12,2,18,0,32,4,4,7,0,15,3,2,3,0,8,102
Milton 055,1157,9,5,26,0,40,6,1,6,0,13,3,6,14,0,23,0,2,7,0,9,85
Milton 056,1120,7,4,9,0,20,5,3,15,0,23,6,5,10,0,21,0,1,1,0,2,66
Milton 057,1048,8,1,15,0,24,10,5,20,0,35,2,0,11,0,13,1,1,2,0,4,76
Milton 058,1001,10,9,35,0,54,7,5,16,0,28,5,8,11,0,24,4,3,5,0,12,118
Milton 059,1086,12,4,50,0,66,4,4,19,0,27,3,8,21,0,32,0,1,10,0,11,136
Milton 060,1194,15,9,33,0,57,8,8,11,0,27,7,6,34,0,47,2,5,6,0,13,144
Milton 061,1020,7,0,28,0,35,8,8,11,1,28,4,1,17,0,22,5,1,2,0,8,93
Milton 062,1222,9,3,11,0,23,20,3,12,0,35,9,3,13,0,25,5,3,8,0,16,99
Milton 063,681,17,5,20,0,42,5,2,7,0,14,3,6,6,0,15,2,1,5,0,8,79
Milton 064,1196,14,4,24,0,42,4,12,12,0,28,13,6,7,0,26,3,2,10,0,15,111
Milton 065,920,4,1,26,0,31,4,7,6,0,17,6,4,5,0,15,1,1,3,0,5,68
Milton 066,1046,16,5,32,0,53,13,3,10,0,26,7,5,15,0,27,3,2,3,0,8,114
Milton 067,898,9,2,30,0,41,5,3,8,0,16,2,3,10,0,15,0,0,5,0,5,77
Milton 068,985,5,2,28,0,35,1,2,15,0,18,1,8,16,0,25,2,8,7,0,17,95
Milton 069,1119,8,8,39,0,55,18,11,17,0,46,5,12,14,0,31,3,0,7,0,10,142
Milton 070,1191,35,12,54,0,101,10,10,15,0,35,6,7,23,0,36,0,2,10,0,12,184
Milton 071,1097,21,7,21,0,49,14,5,11,0,30,8,2,5,0,15,0,1,1,0,2,96
Milton 072,1268,6,3,11,0,20,10,4,8,0,22,4,4,15,0,23,3,1,2,0,6,71
Milton 073,896,6,1,21,0,28,3,1,7,0,11,3,0,8,0,11,2,0,4,0,6,56
Milton 074,898,8,5,12,0,25,9,5,22,0,36,4,7,7,0,18,0,2,10,0,12,91
Milton 075,886,3,2,20,0,25,3,4,14,0,21,5,4,13,0,22,0,0,2,0,2,70
Milton 076,1297,5,4,33,0,42,8,1,29,0,38,6,4,24,0,34,6,3,5,0,14,128
Milton 077,1148,2,10,22,0,34,8,4,7,0,19,5,9,10,0,24,2,2,4,0,8,85
Milton 078,812,10,7,20,0,37,3,4,7,0,14,2,6,7,0,15,3,1,6,0,10,76
Milton 079,970,8,5,16,0,29,5,0,19,0,24,8,7,10,0,25,1,5,8,0,14,92
Milton 080,974,7,4,14,0,25,6,6,26,0,38,1,6,13,0,20,2,3,5,0,10,93
Milton 081,936,13,4,11,0,28,8,4,24,0,36,3,5,8,0,16,1,0,8,0,9,89
Naperville 001,1339,5,1,15,0,21,3,3,12,0,18,7,5,13,0,25,1,2,3,0,6,70
Naperville 002,1138,0,3,5,0,8,7,3,8,0,18,3,3,11,0,17,1,2,2,0,5,48
Naperville 003,1411,7,13,13,0,33,11,18,3,0,32,3,17,14,0,34,4,10,6,0,20,119
Naperville 004,958,2,6,6,0,14,5,4,6,0,15,5,4,6,0,15,0,2,6,0,8,52
Naperville 005,1036,2,11,14,0,27,0,3,3,0,6,2,2,10,0,14,1,2,2,0,5,52
Naperville 006,1277,3,0,13,0,16,0,0,1,0,1,2,3,6,0,11,0,2,2,0,4,32
Naperville 007,1029,5,3,10,0,18,3,2,9,0,14,2,3,7,0,12,0,0,6,0,6,50
Naperville 008,1011,2,2,2,0,6,2,0,1,0,3,0,1,1,0,2,0,0,1,0,1,12
Naperville 009,1115,5,2,19,0,26,6,2,12,0,20,2,9,15,0,26,2,0,1,0,3,75
Naperville 010,1164,8,2,9,0,19,1,4,13,0,18,0,4,11,0,15,1,0,9,0,10,62
Naperville 011,1078,8,7,15,0,30,5,0,14,0,19,4,2,11,0,17,2,1,4,0,7,73
Naperville 012,1116,12,1,14,0,27,4,3,10,0,17,3,1,11,0,15,1,1,4,0,6,65
Naperville 013,1223,6,6,31,0,43,6,5,18,0,29,3,3,25,0,31,1,0,11,0,12,115
Naperville 014,1253,9,7,31,0,47,11,5,7,0,23,3,4,11,0,18,7,2,5,0,14,102
Naperville 015,1014,8,9,12,0,29,8,8,17,0,33,12,3,27,0,42,1,1,2,0,4,108
Naperville 016,1287,10,8,18,0,36,2,3,11,0,16,5,7,14,0,26,3,0,8,0,11,89
Naperville 017,1411,3,6,19,0,28,9,5,16,0,30,3,4,10,0,17,0,2,4,0,6,81
Naperville 018,1214,6,5,8,0,19,4,4,5,0,13,3,2,16,0,21,2,0,4,1,7,60
Naperville 019,1015,2,4,16,0,22,2,3,4,0,9,1,3,9,0,13,2,1,3,0,6,50
Naperville 020,1044,3,7,7,0,17,0,2,6,0,8,0,3,12,0,15,0,1,3,0,4,44
Naperville 021,1300,9,7,26,0,42,2,0,6,0,8,8,8,5,0,21,3,1,2,0,6,77
Naperville 022,1025,17,12,30,0,59,7,1,4,0,12,7,1,13,0,21,1,1,10,0,12,104
Naperville 023,1023,17,17,18,0,52,4,0,10,0,14,5,15,13,0,33,7,3,6,0,16,115
Naperville 024,1185,1,4,13,0,18,1,1,5,0,7,1,3,17,0,21,0,1,1,0,2,48
Naperville 025,1343,4,1,16,0,21,2,1,15,0,18,2,2,8,0,12,0,1,4,0,5,56
Naperville 026,857,3,2,4,0,9,2,0,5,0,7,1,2,3,0,6,0,0,0,0,0,22
Naperville 027,1018,3,1,2,0,6,2,1,0,0,3,6,1,4,0,11,0,1,2,0,3,23
Naperville 028,1330,2,5,2,0,9,2,2,7,0,11,2,4,5,0,11,2,0,0,0,2,33
Naperville 029,1102,5,5,10,0,20,4,3,5,0,12,6,0,8,0,14,3,0,4,0,7,53
Naperville 030,1150,16,2,23,0,41,5,1,13,0,19,8,5,21,0,34,2,1,2,0,5,99
Naperville 031,1243,23,11,30,0,64,7,6,13,0,26,13,9,9,0,31,3,2,6,0,11,132
Naperville 032,937,1,1,8,0,10,0,1,5,0,6,0,2,5,0,7,1,0,5,0,6,29
Naperville 033,1029,1,0,7,0,8,5,3,6,0,14,4,1,9,0,14,1,4,2,0,7,43
Naperville 034,1050,11,1,28,0,40,6,2,7,0,15,8,6,11,0,25,5,2,7,0,14,94
Naperville 035,1241,3,5,9,0,17,4,4,8,0,16,4,5,18,0,27,1,2,4,0,7,67
Naperville 036,739,2,0,3,0,5,2,2,4,0,8,2,2,1,0,5,2,2,2,0,6,24
Naperville 037,1207,2,6,30,0,38,5,3,10,0,18,2,6,11,0,19,1,3,5,0,9,84
Naperville 038,1358,3,0,9,0,12,1,2,6,0,9,4,2,10,0,16,0,1,1,0,2,39
Naperville 039,1229,2,1,11,0,14,0,0,6,0,6,4,3,17,0,24,0,1,4,0,5,49
Naperville 040,731,3,0,4,0,7,3,0,1,0,4,3,0,1,0,4,0,0,3,0,3,18
Naperville 041,1099,3,1,21,0,25,0,2,7,0,9,3,3,9,0,15,1,0,2,0,3,52
Naperville 042,1090,4,2,12,0,18,5,1,11,0,17,5,4,11,0,20,1,1,2,0,4,59
Naperville 043,1086,18,5,9,0,32,5,2,8,0,15,5,6,11,0,22,1,1,4,0,6,75
Naperville 044,990,18,8,10,0,36,6,5,7,0,18,9,7,11,0,27,5,1,10,0,16,97
Naperville 045,961,20,14,26,0,60,5,4,15,0,24,5,5,21,0,31,3,0,5,0,8,123
Naperville 046,1297,17,2,37,0,56,14,3,7,0,24,7,3,20,0,30,1,6,6,0,13,123
Naperville 047,1263,0,2,16,0,18,0,0,8,0,8,1,3,9,0,13,2,0,4,0,6,45
Naperville 048,1169,2,1,10,0,13,0,1,10,0,11,0,3,11,0,14,0,1,3,0,4,42
Naperville 049,1565,7,1,16,0,24,3,2,9,0,14,2,2,7,0,11,0,2,1,0,3,52
Naperville 050,1331,1,0,7,0,8,1,0,2,0,3,1,1,9,0,11,0,0,1,0,1,23
Naperville 051,1380,3,0,16,0,19,3,0,6,0,9,3,0,11,0,14,1,0,5,0,6,48
Naperville 052,1315,1,5,14,0,20,1,0,8,0,9,5,2,18,0,25,1,1,5,0,7,61
Naperville 053,1049,3,2,12,0,17,4,0,6,0,10,7,4,11,1,23,0,0,2,0,2,52
Naperville 054,1037,1,3,4,0,8,1,2,4,0,7,3,2,6,0,11,0,2,3,0,5,31
Naperville 055,1333,9,14,23,0,46,0,1,15,0,16,3,5,13,0,21,3,3,8,0,14,97
Naperville 056,1315,10,4,18,0,32,3,2,8,0,13,4,5,16,0,25,1,5,9,0,15,85
Naperville 057,960,2,7,20,0,29,2,0,7,0,9,3,9,14,0,26,2,2,14,0,18,82
Naperville 058,905,4,11,28,0,43,0,1,4,0,5,2,5,21,0,28,2,1,5,0,8,84
Wayne 001,1352,14,2,26,0,42,13,3,8,0,24,20,2,22,0,44,8,1,4,0,13,123
Wayne 002,1107,9,3,14,0,26,16,6,20,0,42,12,5,19,0,36,7,0,8,0,15,119
Wayne 003,1036,10,2,10,0,22,6,0,7,0,13,18,3,17,0,38,1,0,10,0,11,84
Wayne 004,1074,13,1,15,0,29,4,2,2,0,8,12,4,8,0,24,6,2,1,0,9,70
Wayne 005,746,4,1,6,0,11,2,2,8,0,12,4,1,10,0,15,1,2,2,0,5,43
Wayne 006,852,8,2,10,0,20,9,7,5,0,21,13,0,9,0,22,3,1,5,0,9,72
Wayne 007,1310,10,1,19,0,30,11,0,16,0,27,10,4,12,0,26,4,1,10,0,15,98
Wayne 008,917,6,2,10,0,18,10,2,4,0,16,10,2,13,0,25,2,0,0,0,2,61
Wayne 009,1036,10,5,12,0,27,1,0,7,0,8,8,3,11,0,22,5,2,0,0,7,64
Wayne 010,1091,4,1,16,0,21,8,1,12,0,21,7,1,12,0,20,1,1,6,0,8,70
Wayne 011,1082,2,5,4,0,11,3,0,2,0,5,8,1,4,0,13,3,0,3,0,6,35
Wayne 012,1255,10,3,13,0,26,5,5,12,0,22,9,1,12,0,22,1,1,4,0,6,76
Wayne 013,965,10,5,13,0,28,8,3,6,0,17,9,3,8,0,20,2,2,6,0,10,75
Wayne 014,1133,9,2,16,0,27,9,4,11,0,24,12,1,19,0,32,5,0,1,0,6,89
Wayne 015,1171,5,1,12,0,18,2,2,7,0,11,6,3,13,0,22,9,2,12,0,23,74
Wayne 016,897,6,2,22,0,30,4,5,6,0,15,5,1,10,0,16,5,2,2,0,9,70
Wayne 017,1228,5,4,12,0,21,14,1,17,0,32,7,9,16,0,32,0,0,10,0,10,95
Wayne 018,705,1,1,4,0,6,0,2,2,0,4,2,0,2,0,4,0,0,1,0,1,15
Wayne 019,1137,9,7,37,0,53,5,8,14,0,27,5,4,11,0,20,0,5,6,0,11,111
Wayne 020,1340,3,9,33,0,45,7,9,17,0,33,5,7,18,0,30,4,3,12,0,19,127
Wayne 021,1154,5,9,14,0,28,13,10,10,0,33,9,6,8,0,23,6,2,8,0,16,100
Wayne 022,952,3,1,16,0,20,2,2,9,0,13,7,6,10,0,23,0,0,5,0,5,61
Wayne 023,1077,5,7,19,0,31,3,3,14,0,20,4,9,14,0,27,5,0,4,0,9,87
Wayne 024,945,1,0,11,0,12,0,0,10,0,10,0,3,9,0,12,1,1,2,0,4,38
Wayne 025,1003,3,1,5,0,9,5,2,3,0,10,2,3,11,0,16,1,2,4,0,7,42
Wayne 026,1128,8,5,12,0,25,2,12,19,0,33,4,8,5,0,17,0,1,5,0,6,81
Wayne 027,1046,3,12,40,0,55,8,6,35,0,49,8,3,24,0,35,2,1,11,0,14,153
Wayne 028,1099,3,4,19,0,26,15,8,21,0,44,4,4,6,0,14,0,1,4,0,5,89
Wayne 029,940,5,5,10,0,20,6,0,7,0,13,6,1,13,0,20,2,0,4,0,6,59
Wayne 030,1194,3,3,26,0,32,7,1,15,0,23,4,4,24,0,32,0,0,2,0,2,89
Wayne 031,1079,2,4,18,0,24,4,3,17,0,24,9,2,16,0,27,2,0,6,0,8,83
Wayne 032,1028,0,1,26,0,27,7,1,26,0,34,8,3,8,0,19,2,0,6,0,8,88
Wayne 033,1246,13,5,20,0,38,13,6,22,0,41,12,8,11,0,31,7,2,6,0,15,125
Wayne 034,838,2,1,9,0,12,7,3,31,0,41,4,5,8,0,17,0,3,9,0,12,82
Wayne 035,702,3,2,14,0,19,12,3,17,0,32,2,0,10,0,12,0,2,5,0,7,70
Wayne 036,1123,8,1,14,0,23,13,6,30,0,49,6,5,19,0,30,0,0,1,0,1,103
Wayne 037,1117,0,1,15,0,16,6,3,10,0,19,4,1,15,0,20,0,0,2,0,2,57
Wayne 038,1309,3,9,20,0,32,4,3,19,0,26,1,14,12,0,27,1,1,3,0,5,90
Wayne 039,1425,8,6,26,0,40,7,6,12,0,25,2,6,17,0,25,0,1,11,0,12,102
Wayne 040,1001,1,6,23,0,30,11,7,10,0,28,12,9,23,0,44,1,1,6,0,8,110
Wayne 041,1093,6,6,30,0,42,9,6,54,0,69,5,2,14,0,21,1,1,8,0,10,142
Wayne 042,917,2,10,7,0,19,9,3,18,0,30,3,1,19,0,23,1,0,3,0,4,76
Wayne 043,971,8,5,29,0,42,5,1,18,0,24,3,5,9,0,17,1,2,3,0,6,89
Winfield 001,1187,3,4,17,0,24,3,5,15,0,23,1,5,20,0,26,2,1,5,0,8,81
Winfield 002,1101,7,11,27,0,45,11,5,15,0,31,1,5,19,0,25,1,3,13,1,18,119
Winfield 003,1129,19,8,25,0,52,11,1,24,0,36,5,8,23,0,36,3,1,6,0,10,134
Winfield 004,1197,10,1,27,0,38,10,4,17,0,31,8,11,25,0,44,2,1,10,0,13,126
Winfield 005,1361,5,6,17,0,28,4,2,20,0,26,7,4,15,0,26,4,3,6,0,13,93
Winfield 006,1117,6,0,33,0,39,2,7,29,0,38,3,4,17,0,24,1,0,11,0,12,113
Winfield 007,982,8,11,35,0,54,12,6,9,0,27,9,9,12,0,30,2,1,5,0,8,119
Winfield 008,1079,2,4,30,0,36,6,6,28,0,40,3,4,18,0,25,2,1,13,0,16,117
Winfield 009,1286,5,5,15,0,25,10,7,18,0,35,4,0,6,0,10,4,0,5,0,9,79
Winfield 010,1213,2,0,4,0,6,1,2,10,0,13,0,0,8,0,8,0,0,5,0,5,32
Winfield 011,875,3,4,11,0,18,6,0,18,0,24,4,3,8,0,15,2,0,3,0,5,62
Winfield 012,1103,1,0,4,0,5,0,0,2,0,2,2,0,5,0,7,0,0,4,0,4,18
Winfield 013,1444,2,2,11,0,15,4,3,14,0,21,8,4,17,0,29,5,0,5,0,10,75
Winfield 014,963,7,8,20,0,35,13,10,21,0,44,6,12,19,0,37,2,3,10,0,15,131
Winfield 015,1204,14,5,21,0,40,18,1,22,0,41,5,3,24,0,32,1,3,9,0,13,126
Winfield 016,1160,16,14,23,0,53,16,9,9,0,34,10,4,11,0,25,5,3,11,0,19,131
Winfield 017,1052,7,6,19,0,32,11,2,21,0,34,2,7,16,0,25,4,0,7,0,11,102
Winfield 018,1133,5,8,9,0,22,3,0,11,0,14,11,4,10,0,25,6,1,3,0,10,71
Winfield 019,918,17,9,34,0,60,4,2,10,0,16,5,4,18,0,27,0,1,8,0,9,112
Winfield 020,850,3,1,5,0,9,4,1,5,0,10,1,4,8,0,13,0,0,5,0,5,37
Winfield 021,940,10,2,7,0,19,1,2,5,0,8,3,4,11,0,18,3,2,2,0,7,52
Winfield 022,1358,1,8,14,0,23,3,1,7,0,11,0,1,17,0,18,0,0,6,0,6,58
Winfield 023,937,3,2,7,0,12,6,2,7,0,15,5,3,8,0,16,0,0,6,0,6,49
Winfield 024,1130,9,4,11,0,24,3,2,12,0,17,2,1,13,0,16,3,2,4,0,9,66
Winfield 025,840,4,3,13,0,20,7,2,25,0,34,6,3,15,0,24,1,0,3,0,4,82
Winfield 026,874,3,5,19,0,27,1,4,15,0,20,5,3,19,0,27,3,0,2,0,5,79
Winfield 027,962,6,6,18,0,30,1,2,16,0,19,2,2,9,0,13,0,1,3,0,4,66
York 001,1114,0,2,14,0,16,5,1,16,0,22,3,1,12,0,16,1,0,3,0,4,58
York 002,992,4,2,19,0,25,3,8,16,0,27,2,2,17,0,21,3,0,4,0,7,80
York 003,991,3,2,34,0,39,8,0,34,0,42,2,0,16,0,18,4,1,9,0,14,113
York 004,1188,10,6,31,0,47,9,0,29,0,38,5,3,14,0,22,3,7,12,0,22,129
York 005,581,4,1,5,0,10,1,1,11,0,13,2,3,1,0,6,0,0,3,0,3,32
York 006,1018,3,1,9,0,13,7,5,24,0,36,6,0,20,0,26,4,0,5,0,9,84
York 007,1096,0,4,7,0,11,8,0,18,0,26,5,5,9,0,19,0,0,2,0,2,58
York 008,860,2,0,9,0,11,5,1,10,0,16,2,3,7,0,12,1,0,2,0,3,42
York 009,1085,14,7,16,0,37,4,1,4,0,9,3,1,7,0,11,5,1,6,0,12,69
York 010,1295,8,8,19,0,35,7,0,9,0,16,9,5,10,0,24,6,3,2,0,11,86
York 011,1195,9,5,12,0,26,11,1,5,0,17,10,2,8,0,20,1,2,1,0,4,67
York 012,1136,7,5,17,0,29,5,3,2,0,10,7,5,13,0,25,3,1,0,0,4,68
York 013,1249,2,7,28,0,37,2,8,27,0,37,2,4,11,0,17,0,1,5,0,6,97
York 014,1015,10,1,12,0,23,7,3,16,0,26,9,4,11,0,24,1,0,4,0,5,78
York 015,1099,8,2,14,0,24,12,0,11,0,23,7,3,8,0,18,2,0,2,0,4,69
York 016,1095,6,5,17,0,28,8,4,14,0,26,7,3,20,0,30,1,2,6,0,9,93
York 017,1219,14,7,30,0,51,9,7,5,0,21,5,4,12,0,21,0,1,0,0,1,94
York 018,1228,17,6,28,0,51,6,3,16,0,25,3,8,10,0,21,3,4,3,0,10,107
York 019,1244,10,6,29,0,45,3,4,18,0,25,7,11,12,0,30,2,1,6,0,9,109
York 020,1241,13,1,23,0,37,8,1,12,0,21,4,2,6,0,12,1,0,5,0,6,76
York 021,945,4,3,9,0,16,5,2,9,0,16,1,5,14,0,20,1,2,5,0,8,60
York 022,1133,7,4,24,0,35,3,3,12,0,18,3,7,7,0,17,1,2,6,0,9,79
York 023,1380,7,7,28,0,42,2,2,22,0,26,4,11,8,0,23,3,4,2,0,9,100
York 024,1191,4,0,8,0,12,9,5,19,0,33,5,6,35,0,46,1,0,4,0,5,96
York 025,1192,9,6,20,0,35,18,4,16,0,38,3,5,9,0,17,5,3,7,0,15,105
York 026,930,6,2,16,0,24,11,1,8,0,20,4,3,17,0,24,2,2,0,0,4,72
York 027,864,9,3,24,0,36,2,3,7,0,12,1,3,5,0,9,1,0,4,0,5,62
York 028,895,13,6,25,0,44,5,4,7,0,16,5,1,9,0,15,1,1,3,0,5,80
York 029,984,16,1,27,0,44,5,2,4,0,11,0,0,5,0,5,1,2,2,0,5,65
York 030,803,6,5,13,0,24,4,2,8,0,14,5,4,10,0,19,0,0,2,0,2,59
York 031,1002,1,1,26,0,28,6,4,12,0,22,2,1,19,0,22,3,0,5,0,8,80
York 032,769,5,1,11,0,17,1,1,7,0,9,0,3,8,0,11,1,1,6,0,8,45
York 033,1010,3,8,22,0,33,3,3,13,0,19,4,1,19,0,24,1,0,2,0,3,79
York 034,1084,4,4,29,0,37,5,2,16,0,23,3,1,26,0,30,3,1,3,0,7,97
York 035,997,4,5,14,0,23,5,1,18,0,24,12,2,18,0,32,1,1,4,0,6,85
York 036,1031,9,6,24,0,39,18,5,18,0,41,4,6,16,0,26,2,0,12,0,14,120
York 037,1199,15,4,20,0,39,6,4,27,0,37,5,9,16,0,30,0,1,5,0,6,112
York 038,1225,12,2,28,0,42,9,7,16,0,32,8,5,14,0,27,2,2,4,0,8,109
York 039,959,7,2,14,0,23,16,2,17,0,35,6,10,18,0,34,4,1,3,0,8,100
York 040,1174,15,7,26,0,48,3,3,11,0,17,7,10,10,0,27,1,3,7,0,11,103
York 041,1205,16,6,38,0,60,6,2,20,0,28,7,3,9,0,19,5,9,2,0,16,123
York 042,1218,14,9,43,0,66,4,3,13,0,20,9,0,19,0,28,0,1,5,0,6,120
York 043,1145,12,12,23,0,47,8,0,7,0,15,1,9,10,0,20,2,0,1,0,3,85
York 044,1259,3,1,17,0,21,6,4,26,0,36,2,3,26,0,31,2,5,8,0,15,103
York 045,1192,2,4,22,0,28,2,6,32,0,40,4,1,22,0,27,1,0,13,0,14,109
York 046,1075,4,6,23,0,33,7,7,17,0,31,4,0,12,0,16,2,0,6,0,8,88
York 047,1199,12,5,17,0,34,21,3,20,0,44,17,1,9,0,27,7,1,6,0,14,119
York 048,1145,14,0,14,0,28,9,9,16,0,34,14,5,19,0,38,1,5,8,0,14,114
York 049,1003,2,0,27,0,29,2,2,14,0,18,8,7,11,0,26,3,2,5,0,10,83
York 050,1215,10,7,38,0,55,8,5,18,0,31,4,3,15,0,22,1,3,8,0,12,120
York 051,950,10,5,17,0,32,1,1,4,0,6,3,2,11,0,16,1,2,4,0,7,61
York 052,954,12,2,21,0,35,8,5,14,0,27,3,10,10,0,23,1,3,4,0,8,93
York 053,1366,5,4,17,0,26,11,5,14,0,30,3,4,7,0,14,0,0,2,0,2,72
York 054,992,4,2,21,0,27,4,3,20,0,27,4,3,11,0,18,2,1,11,0,14,86
York 055,1064,1,4,9,0,14,11,3,27,0,41,12,8,7,0,27,2,1,6,0,9,91
York 056,717,6,4,17,0,27,1,3,11,0,15,4,2,12,0,18,1,4,3,0,8,68
York 057,1171,5,17,14,0,36,10,5,8,0,23,5,11,11,0,27,5,9,3,0,17,103
York 058,972,2,6,28,0,36,5,8,20,0,33,5,6,10,0,21,2,0,4,0,6,96
York 059,1217,12,8,36,0,56,4,5,25,0,34,5,2,19,0,26,0,4,8,0,12,128
York 060,1192,3,0,16,0,19,5,5,16,0,26,5,2,7,0,14,2,0,8,0,10,69
York 061,1247,11,3,30,0,44,8,2,21,0,31,3,2,5,0,10,1,3,1,0,5,90
York 062,1111,0,2,3,0,5,1,0,3,0,4,3,1,4,0,8,3,1,2,0,6,23
York 063,929,1,0,5,0,6,4,0,7,0,11,4,0,3,0,7,2,2,3,0,7,31
York 064,1371,1,3,5,0,9,4,7,16,0,27,8,3,14,0,25,1,4,8,0,13,74
York 065,1288,8,7,15,0,30,6,4,9,0,19,3,1,5,0,9,6,1,5,0,12,70
York 066,1205,11,10,18,0,39,10,3,12,0,25,7,5,10,0,22,4,0,5,0,9,95
York 067,1118,6,9,17,0,32,6,7,22,0,35,5,8,15,0,28,2,0,5,0,7,102
York 068,1273,10,2,19,0,31,7,2,18,0,27,8,6,12,0,26,0,1,7,0,8,92
York 069,976,2,0,11,0,13,1,0,6,0,7,2,1,12,0,15,0,1,3,0,4,39
York 070,902,6,2,22,0,30,3,2,29,0,34,4,6,12,0,22,0,2,7,0,9,95
York 071,1148,10,14,17,0,41,16,10,11,0,37,6,5,13,0,24,2,1,6,0,9,111
York 072,1140,4,3,7,0,14,12,5,19,0,36,9,8,11,0,28,3,1,7,0,11,89
York 073,1069,0,4,11,0,15,2,6,19,0,27,4,6,18,0,28,3,1,8,0,12,82
York 074,1136,10,4,17,0,31,1,2,13,0,16,2,4,2,0,8,0,2,0,0,2,57
York 075,1171,4,1,8,0,13,7,4,4,0,15,8,3,8,0,19,4,0,3,0,7,54
York 076,880,5,2,16,0,23,8,3,7,0,18,7,3,11,0,21,2,0,3,0,5,67
York 077,1247,14,12,18,0,44,3,13,10,0,26,11,2,11,0,24,7,0,2,0,9,103
York 078,449,8,5,4,0,17,6,2,6,0,14,3,3,2,0,8,1,1,4,0,6,45
York 079,1128,2,3,8,0,13,0,0,5,0,5,2,4,4,0,10,3,1,3,0,7,35
York 080,1125,6,1,26,0,33,3,2,8,0,13,3,3,9,0,15,1,0,10,0,11,72
York 081,1301,13,4,27,0,44,8,4,22,0,34,8,5,12,0,25,4,3,9,0,16,119
York 082,823,9,7,24,0,40,5,6,7,0,18,8,8,5,0,21,3,1,5,0,9,88
York 083,839,6,4,6,0,16,2,3,4,0,9,8,8,0,0,16,5,2,2,0,9,50
York 084,1166,2,3,28,0,33,2,10,14,0,26,3,6,17,0,26,2,3,9,0,14,99
York 085,866,15,6,12,0,33,3,2,7,0,12,4,8,7,0,19,0,1,2,0,3,67
York 086,775,11,6,7,0,24,2,3,4,0,9,8,8,4,0,20,4,2,5,0,11,64
Total:,636822,4277,2723,10791,1,17792,3450,1952,6819,4,12225,2984,2577,7068,4,12633,1204,828,2864,3,4899,47549
