date,days_relative,vote_method,gender,age_bracket,count
2026-02-12,-33,early_vote_center,F,25-34,5
2026-02-12,-33,early_vote_center,F,35-44,8
2026-02-12,-33,early_vote_center,F,45-54,11
2026-02-12,-33,early_vote_center,F,55-64,32
2026-02-12,-33,early_vote_center,F,65-74,36
2026-02-12,-33,early_vote_center,F,75+,26
2026-02-12,-33,early_vote_center,M,18-24,8
2026-02-12,-33,early_vote_center,M,25-34,11
2026-02-12,-33,early_vote_center,M,35-44,15
2026-02-12,-33,early_vote_center,M,45-54,20
2026-02-12,-33,early_vote_center,M,55-64,34
2026-02-12,-33,early_vote_center,M,65-74,25
2026-02-12,-33,early_vote_center,M,75+,17
2026-02-12,-33,mail,F,75+,1
2026-02-12,-33,mail,M,25-34,1
2026-02-12,-33,mail,M,65-74,1
2026-02-12,-33,mail,O,18-24,1
2026-02-13,-32,early_vote_center,F,18-24,4
2026-02-13,-32,early_vote_center,F,25-34,5
2026-02-13,-32,early_vote_center,F,35-44,7
2026-02-13,-32,early_vote_center,F,45-54,9
2026-02-13,-32,early_vote_center,F,55-64,25
2026-02-13,-32,early_vote_center,F,65-74,38
2026-02-13,-32,early_vote_center,F,75+,17
2026-02-13,-32,early_vote_center,M,18-24,5
2026-02-13,-32,early_vote_center,M,25-34,8
2026-02-13,-32,early_vote_center,M,35-44,11
2026-02-13,-32,early_vote_center,M,45-54,14
2026-02-13,-32,early_vote_center,M,55-64,35
2026-02-13,-32,early_vote_center,M,65-74,29
2026-02-13,-32,early_vote_center,M,75+,16
2026-02-13,-32,early_vote_center,O,55-64,1
2026-02-13,-32,mail,F,65-74,1
2026-02-13,-32,mail,M,65-74,2
2026-02-14,-31,early_vote_center,F,25-34,5
2026-02-14,-31,early_vote_center,F,35-44,3
2026-02-14,-31,early_vote_center,F,45-54,8
2026-02-14,-31,early_vote_center,F,55-64,17
2026-02-14,-31,early_vote_center,F,65-74,13
2026-02-14,-31,early_vote_center,F,75+,6
2026-02-14,-31,early_vote_center,M,18-24,1
2026-02-14,-31,early_vote_center,M,25-34,3
2026-02-14,-31,early_vote_center,M,35-44,5
2026-02-14,-31,early_vote_center,M,45-54,11
2026-02-14,-31,early_vote_center,M,55-64,7
2026-02-14,-31,early_vote_center,M,65-74,16
2026-02-14,-31,early_vote_center,M,75+,3
2026-02-15,-30,early_vote_center,F,25-34,2
2026-02-15,-30,early_vote_center,F,35-44,3
2026-02-15,-30,early_vote_center,F,45-54,6
2026-02-15,-30,early_vote_center,F,55-64,8
2026-02-15,-30,early_vote_center,F,65-74,12
2026-02-15,-30,early_vote_center,F,75+,8
2026-02-15,-30,early_vote_center,M,25-34,2
2026-02-15,-30,early_vote_center,M,35-44,2
2026-02-15,-30,early_vote_center,M,45-54,2
2026-02-15,-30,early_vote_center,M,55-64,10
2026-02-15,-30,early_vote_center,M,65-74,5
2026-02-15,-30,early_vote_center,M,75+,5
2026-02-15,-30,provisional,F,75+,1
2026-02-16,-29,early_vote_center,F,25-34,3
2026-02-16,-29,early_vote_center,F,35-44,3
2026-02-16,-29,early_vote_center,F,45-54,4
2026-02-16,-29,early_vote_center,F,55-64,12
2026-02-16,-29,early_vote_center,F,65-74,15
2026-02-16,-29,early_vote_center,F,75+,11
2026-02-16,-29,early_vote_center,M,18-24,3
2026-02-16,-29,early_vote_center,M,25-34,4
2026-02-16,-29,early_vote_center,M,35-44,6
2026-02-16,-29,early_vote_center,M,45-54,9
2026-02-16,-29,early_vote_center,M,55-64,7
2026-02-16,-29,early_vote_center,M,65-74,15
2026-02-16,-29,early_vote_center,M,75+,8
2026-02-16,-29,provisional,M,55-64,1
2026-02-17,-28,early_vote_center,F,18-24,2
2026-02-17,-28,early_vote_center,F,25-34,5
2026-02-17,-28,early_vote_center,F,35-44,2
2026-02-17,-28,early_vote_center,F,45-54,9
2026-02-17,-28,early_vote_center,F,55-64,26
2026-02-17,-28,early_vote_center,F,65-74,41
2026-02-17,-28,early_vote_center,F,75+,22
2026-02-17,-28,early_vote_center,M,18-24,6
2026-02-17,-28,early_vote_center,M,25-34,5
2026-02-17,-28,early_vote_center,M,35-44,7
2026-02-17,-28,early_vote_center,M,45-54,13
2026-02-17,-28,early_vote_center,M,55-64,26
2026-02-17,-28,early_vote_center,M,65-74,40
2026-02-17,-28,early_vote_center,M,75+,15
2026-02-17,-28,early_vote_center,M,unknown,1
2026-02-17,-28,mail,F,18-24,14
2026-02-17,-28,mail,F,25-34,137
2026-02-17,-28,mail,F,35-44,183
2026-02-17,-28,mail,F,45-54,196
2026-02-17,-28,mail,F,55-64,299
2026-02-17,-28,mail,F,65-74,600
2026-02-17,-28,mail,F,75+,764
2026-02-17,-28,mail,F,unknown,1
2026-02-17,-28,mail,M,18-24,16
2026-02-17,-28,mail,M,25-34,173
2026-02-17,-28,mail,M,35-44,252
2026-02-17,-28,mail,M,45-54,229
2026-02-17,-28,mail,M,55-64,301
2026-02-17,-28,mail,M,65-74,466
2026-02-17,-28,mail,M,75+,497
2026-02-17,-28,mail,O,25-34,1
2026-02-17,-28,mail,O,35-44,1
2026-02-17,-28,mail,O,55-64,2
2026-02-17,-28,mail,O,65-74,1
2026-02-17,-28,mail,O,75+,2
2026-02-17,-28,provisional,F,55-64,1
2026-02-18,-27,early_vote_center,F,18-24,2
2026-02-18,-27,early_vote_center,F,35-44,2
2026-02-18,-27,early_vote_center,F,45-54,17
2026-02-18,-27,early_vote_center,F,55-64,20
2026-02-18,-27,early_vote_center,F,65-74,33
2026-02-18,-27,early_vote_center,F,75+,22
2026-02-18,-27,early_vote_center,M,18-24,3
2026-02-18,-27,early_vote_center,M,25-34,12
2026-02-18,-27,early_vote_center,M,35-44,4
2026-02-18,-27,early_vote_center,M,45-54,14
2026-02-18,-27,early_vote_center,M,55-64,21
2026-02-18,-27,early_vote_center,M,65-74,20
2026-02-18,-27,early_vote_center,M,75+,10
2026-02-18,-27,grace_period,F,25-34,2
2026-02-18,-27,grace_period,F,55-64,2
2026-02-18,-27,grace_period,F,65-74,2
2026-02-18,-27,grace_period,M,18-24,1
2026-02-18,-27,grace_period,M,25-34,1
2026-02-18,-27,grace_period,M,45-54,1
2026-02-18,-27,mail,F,18-24,18
2026-02-18,-27,mail,F,25-34,166
2026-02-18,-27,mail,F,35-44,192
2026-02-18,-27,mail,F,45-54,148
2026-02-18,-27,mail,F,55-64,213
2026-02-18,-27,mail,F,65-74,438
2026-02-18,-27,mail,F,75+,500
2026-02-18,-27,mail,M,18-24,15
2026-02-18,-27,mail,M,25-34,172
2026-02-18,-27,mail,M,35-44,240
2026-02-18,-27,mail,M,45-54,175
2026-02-18,-27,mail,M,55-64,237
2026-02-18,-27,mail,M,65-74,336
2026-02-18,-27,mail,M,75+,302
2026-02-18,-27,mail,O,25-34,2
2026-02-18,-27,mail,O,65-74,1
2026-02-19,-26,early_vote_center,F,18-24,2
2026-02-19,-26,early_vote_center,F,25-34,8
2026-02-19,-26,early_vote_center,F,35-44,2
2026-02-19,-26,early_vote_center,F,45-54,6
2026-02-19,-26,early_vote_center,F,55-64,4
2026-02-19,-26,early_vote_center,F,65-74,29
2026-02-19,-26,early_vote_center,F,75+,17
2026-02-19,-26,early_vote_center,M,18-24,2
2026-02-19,-26,early_vote_center,M,25-34,6
2026-02-19,-26,early_vote_center,M,35-44,12
2026-02-19,-26,early_vote_center,M,45-54,7
2026-02-19,-26,early_vote_center,M,55-64,18
2026-02-19,-26,early_vote_center,M,65-74,21
2026-02-19,-26,early_vote_center,M,75+,5
2026-02-19,-26,early_vote_center,O,25-34,1
2026-02-19,-26,grace_period,F,18-24,1
2026-02-19,-26,grace_period,F,25-34,1
2026-02-19,-26,grace_period,F,45-54,1
2026-02-19,-26,grace_period,F,55-64,1
2026-02-19,-26,grace_period,F,65-74,1
2026-02-19,-26,grace_period,F,75+,1
2026-02-19,-26,grace_period,M,18-24,2
2026-02-19,-26,grace_period,M,25-34,2
2026-02-19,-26,grace_period,M,55-64,3
2026-02-19,-26,mail,F,18-24,7
2026-02-19,-26,mail,F,25-34,74
2026-02-19,-26,mail,F,35-44,91
2026-02-19,-26,mail,F,45-54,84
2026-02-19,-26,mail,F,55-64,114
2026-02-19,-26,mail,F,65-74,199
2026-02-19,-26,mail,F,75+,299
2026-02-19,-26,mail,M,18-24,10
2026-02-19,-26,mail,M,25-34,63
2026-02-19,-26,mail,M,35-44,107
2026-02-19,-26,mail,M,45-54,103
2026-02-19,-26,mail,M,55-64,107
2026-02-19,-26,mail,M,65-74,153
2026-02-19,-26,mail,M,75+,132
2026-02-19,-26,mail,O,55-64,2
2026-02-19,-26,mail,O,75+,2
2026-02-20,-25,early_vote_center,F,18-24,4
2026-02-20,-25,early_vote_center,F,25-34,4
2026-02-20,-25,early_vote_center,F,35-44,3
2026-02-20,-25,early_vote_center,F,45-54,1
2026-02-20,-25,early_vote_center,F,55-64,16
2026-02-20,-25,early_vote_center,F,65-74,18
2026-02-20,-25,early_vote_center,F,75+,10
2026-02-20,-25,early_vote_center,M,25-34,4
2026-02-20,-25,early_vote_center,M,35-44,8
2026-02-20,-25,early_vote_center,M,45-54,7
2026-02-20,-25,early_vote_center,M,55-64,12
2026-02-20,-25,early_vote_center,M,65-74,24
2026-02-20,-25,early_vote_center,M,75+,5
2026-02-20,-25,grace_period,F,18-24,2
2026-02-20,-25,grace_period,F,55-64,1
2026-02-20,-25,grace_period,F,65-74,2
2026-02-20,-25,grace_period,M,25-34,1
2026-02-20,-25,grace_period,M,35-44,1
2026-02-20,-25,grace_period,M,55-64,1
2026-02-20,-25,grace_period,M,65-74,2
2026-02-20,-25,mail,F,18-24,11
2026-02-20,-25,mail,F,25-34,125
2026-02-20,-25,mail,F,35-44,173
2026-02-20,-25,mail,F,45-54,165
2026-02-20,-25,mail,F,55-64,284
2026-02-20,-25,mail,F,65-74,439
2026-02-20,-25,mail,F,75+,609
2026-02-20,-25,mail,M,18-24,16
2026-02-20,-25,mail,M,25-34,155
2026-02-20,-25,mail,M,35-44,212
2026-02-20,-25,mail,M,45-54,179
2026-02-20,-25,mail,M,55-64,235
2026-02-20,-25,mail,M,65-74,313
2026-02-20,-25,mail,M,75+,319
2026-02-20,-25,mail,O,18-24,1
2026-02-20,-25,mail,O,35-44,1
2026-02-20,-25,mail,O,55-64,1
2026-02-20,-25,mail,O,65-74,1
2026-02-21,-24,early_vote_center,F,25-34,4
2026-02-21,-24,early_vote_center,F,35-44,3
2026-02-21,-24,early_vote_center,F,45-54,6
2026-02-21,-24,early_vote_center,F,55-64,13
2026-02-21,-24,early_vote_center,F,65-74,7
2026-02-21,-24,early_vote_center,F,75+,4
2026-02-21,-24,early_vote_center,M,18-24,4
2026-02-21,-24,early_vote_center,M,25-34,6
2026-02-21,-24,early_vote_center,M,35-44,7
2026-02-21,-24,early_vote_center,M,45-54,3
2026-02-21,-24,early_vote_center,M,55-64,13
2026-02-21,-24,early_vote_center,M,65-74,5
2026-02-21,-24,early_vote_center,M,75+,1
2026-02-21,-24,grace_period,F,25-34,2
2026-02-21,-24,grace_period,F,35-44,1
2026-02-21,-24,grace_period,F,45-54,1
2026-02-21,-24,grace_period,M,25-34,1
2026-02-21,-24,grace_period,O,25-34,1
2026-02-21,-24,mail,F,18-24,6
2026-02-21,-24,mail,F,25-34,35
2026-02-21,-24,mail,F,35-44,48
2026-02-21,-24,mail,F,45-54,44
2026-02-21,-24,mail,F,55-64,57
2026-02-21,-24,mail,F,65-74,87
2026-02-21,-24,mail,F,75+,129
2026-02-21,-24,mail,F,unknown,1
2026-02-21,-24,mail,M,18-24,2
2026-02-21,-24,mail,M,25-34,32
2026-02-21,-24,mail,M,35-44,49
2026-02-21,-24,mail,M,45-54,39
2026-02-21,-24,mail,M,55-64,57
2026-02-21,-24,mail,M,65-74,89
2026-02-21,-24,mail,M,75+,62
2026-02-21,-24,mail,O,25-34,1
2026-02-21,-24,mail,O,55-64,1
2026-02-22,-23,early_vote_center,F,25-34,4
2026-02-22,-23,early_vote_center,F,35-44,1
2026-02-22,-23,early_vote_center,F,45-54,1
2026-02-22,-23,early_vote_center,F,55-64,5
2026-02-22,-23,early_vote_center,F,65-74,9
2026-02-22,-23,early_vote_center,F,75+,4
2026-02-22,-23,early_vote_center,M,18-24,2
2026-02-22,-23,early_vote_center,M,25-34,3
2026-02-22,-23,early_vote_center,M,35-44,4
2026-02-22,-23,early_vote_center,M,45-54,3
2026-02-22,-23,early_vote_center,M,55-64,2
2026-02-22,-23,early_vote_center,M,65-74,5
2026-02-22,-23,early_vote_center,M,75+,5
2026-02-22,-23,grace_period,M,18-24,2
2026-02-23,-22,early_vote_center,F,18-24,1
2026-02-23,-22,early_vote_center,F,25-34,1
2026-02-23,-22,early_vote_center,F,35-44,5
2026-02-23,-22,early_vote_center,F,45-54,6
2026-02-23,-22,early_vote_center,F,55-64,17
2026-02-23,-22,early_vote_center,F,65-74,24
2026-02-23,-22,early_vote_center,F,75+,15
2026-02-23,-22,early_vote_center,M,18-24,1
2026-02-23,-22,early_vote_center,M,25-34,5
2026-02-23,-22,early_vote_center,M,35-44,6
2026-02-23,-22,early_vote_center,M,45-54,8
2026-02-23,-22,early_vote_center,M,55-64,12
2026-02-23,-22,early_vote_center,M,65-74,23
2026-02-23,-22,early_vote_center,M,75+,6
2026-02-23,-22,grace_period,F,25-34,1
2026-02-23,-22,grace_period,F,45-54,1
2026-02-23,-22,grace_period,M,18-24,3
2026-02-23,-22,grace_period,M,25-34,2
2026-02-23,-22,grace_period,M,35-44,1
2026-02-23,-22,grace_period,M,55-64,1
2026-02-23,-22,grace_period,M,65-74,1
2026-02-23,-22,mail,F,18-24,26
2026-02-23,-22,mail,F,25-34,149
2026-02-23,-22,mail,F,35-44,184
2026-02-23,-22,mail,F,45-54,141
2026-02-23,-22,mail,F,55-64,230
2026-02-23,-22,mail,F,65-74,379
2026-02-23,-22,mail,F,75+,440
2026-02-23,-22,mail,M,18-24,17
2026-02-23,-22,mail,M,25-34,115
2026-02-23,-22,mail,M,35-44,199
2026-02-23,-22,mail,M,45-54,173
2026-02-23,-22,mail,M,55-64,187
2026-02-23,-22,mail,M,65-74,276
2026-02-23,-22,mail,M,75+,267
2026-02-23,-22,mail,O,25-34,3
2026-02-23,-22,mail,O,35-44,1
2026-02-23,-22,mail,O,55-64,1
2026-02-23,-22,mail,O,65-74,1
2026-02-23,-22,provisional,F,55-64,1
2026-02-24,-21,early_vote_center,F,18-24,1
2026-02-24,-21,early_vote_center,F,25-34,6
2026-02-24,-21,early_vote_center,F,35-44,4
2026-02-24,-21,early_vote_center,F,45-54,5
2026-02-24,-21,early_vote_center,F,55-64,21
2026-02-24,-21,early_vote_center,F,65-74,25
2026-02-24,-21,early_vote_center,F,75+,18
2026-02-24,-21,early_vote_center,M,18-24,1
2026-02-24,-21,early_vote_center,M,25-34,8
2026-02-24,-21,early_vote_center,M,35-44,11
2026-02-24,-21,early_vote_center,M,45-54,10
2026-02-24,-21,early_vote_center,M,55-64,30
2026-02-24,-21,early_vote_center,M,65-74,15
2026-02-24,-21,early_vote_center,M,75+,14
2026-02-24,-21,grace_period,F,18-24,3
2026-02-24,-21,grace_period,F,25-34,2
2026-02-24,-21,grace_period,F,unknown,1
2026-02-24,-21,grace_period,M,18-24,1
2026-02-24,-21,grace_period,M,25-34,2
2026-02-24,-21,grace_period,M,35-44,1
2026-02-24,-21,grace_period,M,45-54,1
2026-02-24,-21,grace_period,M,55-64,2
2026-02-24,-21,mail,F,18-24,17
2026-02-24,-21,mail,F,25-34,131
2026-02-24,-21,mail,F,35-44,201
2026-02-24,-21,mail,F,45-54,154
2026-02-24,-21,mail,F,55-64,200
2026-02-24,-21,mail,F,65-74,325
2026-02-24,-21,mail,F,75+,358
2026-02-24,-21,mail,M,18-24,13
2026-02-24,-21,mail,M,25-34,119
2026-02-24,-21,mail,M,35-44,211
2026-02-24,-21,mail,M,45-54,141
2026-02-24,-21,mail,M,55-64,166
2026-02-24,-21,mail,M,65-74,229
2026-02-24,-21,mail,M,75+,179
2026-02-24,-21,mail,O,25-34,2
2026-02-24,-21,mail,O,35-44,2
2026-02-24,-21,mail,O,55-64,1
2026-02-24,-21,mail,O,65-74,1
2026-02-25,-20,early_vote_center,F,18-24,4
2026-02-25,-20,early_vote_center,F,25-34,5
2026-02-25,-20,early_vote_center,F,35-44,4
2026-02-25,-20,early_vote_center,F,45-54,5
2026-02-25,-20,early_vote_center,F,55-64,19
2026-02-25,-20,early_vote_center,F,65-74,35
2026-02-25,-20,early_vote_center,F,75+,14
2026-02-25,-20,early_vote_center,M,25-34,6
2026-02-25,-20,early_vote_center,M,35-44,10
2026-02-25,-20,early_vote_center,M,45-54,11
2026-02-25,-20,early_vote_center,M,55-64,16
2026-02-25,-20,early_vote_center,M,65-74,26
2026-02-25,-20,early_vote_center,M,75+,5
2026-02-25,-20,grace_period,F,18-24,1
2026-02-25,-20,grace_period,F,25-34,2
2026-02-25,-20,grace_period,F,35-44,1
2026-02-25,-20,grace_period,F,45-54,1
2026-02-25,-20,grace_period,F,55-64,1
2026-02-25,-20,grace_period,F,65-74,1
2026-02-25,-20,grace_period,M,35-44,2
2026-02-25,-20,grace_period,M,45-54,1
2026-02-25,-20,grace_period,M,55-64,1
2026-02-25,-20,mail,F,18-24,14
2026-02-25,-20,mail,F,25-34,63
2026-02-25,-20,mail,F,35-44,103
2026-02-25,-20,mail,F,45-54,97
2026-02-25,-20,mail,F,55-64,113
2026-02-25,-20,mail,F,65-74,185
2026-02-25,-20,mail,F,75+,188
2026-02-25,-20,mail,M,18-24,9
2026-02-25,-20,mail,M,25-34,73
2026-02-25,-20,mail,M,35-44,116
2026-02-25,-20,mail,M,45-54,84
2026-02-25,-20,mail,M,55-64,81
2026-02-25,-20,mail,M,65-74,110
2026-02-25,-20,mail,M,75+,92
2026-02-26,-19,early_vote_center,F,18-24,53
2026-02-26,-19,early_vote_center,F,25-34,3
2026-02-26,-19,early_vote_center,F,35-44,10
2026-02-26,-19,early_vote_center,F,45-54,7
2026-02-26,-19,early_vote_center,F,55-64,28
2026-02-26,-19,early_vote_center,F,65-74,32
2026-02-26,-19,early_vote_center,F,75+,17
2026-02-26,-19,early_vote_center,F,unknown,1
2026-02-26,-19,early_vote_center,M,18-24,114
2026-02-26,-19,early_vote_center,M,25-34,15
2026-02-26,-19,early_vote_center,M,35-44,6
2026-02-26,-19,early_vote_center,M,45-54,12
2026-02-26,-19,early_vote_center,M,55-64,17
2026-02-26,-19,early_vote_center,M,65-74,21
2026-02-26,-19,early_vote_center,M,75+,8
2026-02-26,-19,early_vote_center,M,unknown,6
2026-02-26,-19,early_vote_center,O,18-24,1
2026-02-26,-19,grace_period,F,18-24,7
2026-02-26,-19,grace_period,F,25-34,1
2026-02-26,-19,grace_period,F,55-64,1
2026-02-26,-19,grace_period,F,65-74,3
2026-02-26,-19,grace_period,F,unknown,1
2026-02-26,-19,grace_period,M,18-24,7
2026-02-26,-19,grace_period,M,25-34,4
2026-02-26,-19,grace_period,M,35-44,1
2026-02-26,-19,grace_period,M,55-64,1
2026-02-26,-19,grace_period,M,75+,1
2026-02-26,-19,mail,F,18-24,11
2026-02-26,-19,mail,F,25-34,179
2026-02-26,-19,mail,F,35-44,264
2026-02-26,-19,mail,F,45-54,190
2026-02-26,-19,mail,F,55-64,255
2026-02-26,-19,mail,F,65-74,452
2026-02-26,-19,mail,F,75+,585
2026-02-26,-19,mail,M,18-24,21
2026-02-26,-19,mail,M,25-34,147
2026-02-26,-19,mail,M,35-44,267
2026-02-26,-19,mail,M,45-54,196
2026-02-26,-19,mail,M,55-64,223
2026-02-26,-19,mail,M,65-74,295
2026-02-26,-19,mail,M,75+,291
2026-02-26,-19,mail,O,25-34,1
2026-02-26,-19,mail,O,35-44,1
2026-02-26,-19,mail,O,75+,1
2026-02-27,-18,early_vote_center,F,18-24,2
2026-02-27,-18,early_vote_center,F,25-34,4
2026-02-27,-18,early_vote_center,F,35-44,13
2026-02-27,-18,early_vote_center,F,45-54,13
2026-02-27,-18,early_vote_center,F,55-64,36
2026-02-27,-18,early_vote_center,F,65-74,41
2026-02-27,-18,early_vote_center,F,75+,15
2026-02-27,-18,early_vote_center,M,18-24,6
2026-02-27,-18,early_vote_center,M,25-34,13
2026-02-27,-18,early_vote_center,M,35-44,11
2026-02-27,-18,early_vote_center,M,45-54,20
2026-02-27,-18,early_vote_center,M,55-64,29
2026-02-27,-18,early_vote_center,M,65-74,30
2026-02-27,-18,early_vote_center,M,75+,11
2026-02-27,-18,grace_period,F,25-34,1
2026-02-27,-18,grace_period,F,35-44,1
2026-02-27,-18,grace_period,F,55-64,1
2026-02-27,-18,grace_period,F,65-74,1
2026-02-27,-18,grace_period,M,18-24,1
2026-02-27,-18,grace_period,M,25-34,1
2026-02-27,-18,grace_period,O,25-34,1
2026-02-27,-18,mail,F,18-24,4
2026-02-27,-18,mail,F,25-34,47
2026-02-27,-18,mail,F,35-44,77
2026-02-27,-18,mail,F,45-54,52
2026-02-27,-18,mail,F,55-64,58
2026-02-27,-18,mail,F,65-74,102
2026-02-27,-18,mail,F,75+,106
2026-02-27,-18,mail,M,18-24,8
2026-02-27,-18,mail,M,25-34,37
2026-02-27,-18,mail,M,35-44,79
2026-02-27,-18,mail,M,45-54,63
2026-02-27,-18,mail,M,55-64,57
2026-02-27,-18,mail,M,65-74,80
2026-02-27,-18,mail,M,75+,51
2026-02-27,-18,mail,O,35-44,1
2026-02-28,-17,early_vote_center,F,18-24,8
2026-02-28,-17,early_vote_center,F,25-34,30
2026-02-28,-17,early_vote_center,F,35-44,28
2026-02-28,-17,early_vote_center,F,45-54,18
2026-02-28,-17,early_vote_center,F,55-64,16
2026-02-28,-17,early_vote_center,F,65-74,7
2026-02-28,-17,early_vote_center,F,75+,4
2026-02-28,-17,early_vote_center,M,18-24,21
2026-02-28,-17,early_vote_center,M,25-34,86
2026-02-28,-17,early_vote_center,M,35-44,61
2026-02-28,-17,early_vote_center,M,45-54,36
2026-02-28,-17,early_vote_center,M,55-64,20
2026-02-28,-17,early_vote_center,M,65-74,15
2026-02-28,-17,early_vote_center,M,75+,2
2026-02-28,-17,grace_period,F,18-24,3
2026-02-28,-17,grace_period,F,25-34,7
2026-02-28,-17,grace_period,F,35-44,4
2026-02-28,-17,grace_period,F,45-54,1
2026-02-28,-17,grace_period,M,18-24,38
2026-02-28,-17,grace_period,M,25-34,39
2026-02-28,-17,grace_period,M,35-44,20
2026-02-28,-17,grace_period,M,45-54,14
2026-02-28,-17,grace_period,M,55-64,4
2026-02-28,-17,grace_period,M,65-74,1
2026-02-28,-17,mail,F,18-24,7
2026-02-28,-17,mail,F,25-34,60
2026-02-28,-17,mail,F,35-44,68
2026-02-28,-17,mail,F,45-54,64
2026-02-28,-17,mail,F,55-64,75
2026-02-28,-17,mail,F,65-74,123
2026-02-28,-17,mail,F,75+,169
2026-02-28,-17,mail,M,18-24,14
2026-02-28,-17,mail,M,25-34,47
2026-02-28,-17,mail,M,35-44,70
2026-02-28,-17,mail,M,45-54,56
2026-02-28,-17,mail,M,55-64,60
2026-02-28,-17,mail,M,65-74,85
2026-02-28,-17,mail,M,75+,78
2026-02-28,-17,mail,M,unknown,1
2026-02-28,-17,mail,O,25-34,3
2026-03-01,-16,early_vote_center,F,18-24,5
2026-03-01,-16,early_vote_center,F,25-34,13
2026-03-01,-16,early_vote_center,F,35-44,5
2026-03-01,-16,early_vote_center,F,45-54,3
2026-03-01,-16,early_vote_center,F,55-64,8
2026-03-01,-16,early_vote_center,F,65-74,11
2026-03-01,-16,early_vote_center,F,75+,5
2026-03-01,-16,early_vote_center,M,18-24,35
2026-03-01,-16,early_vote_center,M,25-34,80
2026-03-01,-16,early_vote_center,M,35-44,55
2026-03-01,-16,early_vote_center,M,45-54,18
2026-03-01,-16,early_vote_center,M,55-64,19
2026-03-01,-16,early_vote_center,M,65-74,16
2026-03-01,-16,early_vote_center,M,75+,3
2026-03-01,-16,grace_period,F,18-24,7
2026-03-01,-16,grace_period,F,25-34,8
2026-03-01,-16,grace_period,F,35-44,6
2026-03-01,-16,grace_period,F,45-54,4
2026-03-01,-16,grace_period,M,18-24,35
2026-03-01,-16,grace_period,M,25-34,54
2026-03-01,-16,grace_period,M,35-44,29
2026-03-01,-16,grace_period,M,45-54,15
2026-03-01,-16,grace_period,M,55-64,10
2026-03-01,-16,grace_period,M,65-74,5
2026-03-01,-16,grace_period,M,75+,1
2026-03-01,-16,mail,F,18-24,8
2026-03-01,-16,mail,F,25-34,89
2026-03-01,-16,mail,F,35-44,96
2026-03-01,-16,mail,F,45-54,103
2026-03-01,-16,mail,F,55-64,114
2026-03-01,-16,mail,F,65-74,181
2026-03-01,-16,mail,F,75+,246
2026-03-01,-16,mail,M,18-24,6
2026-03-01,-16,mail,M,25-34,67
2026-03-01,-16,mail,M,35-44,124
2026-03-01,-16,mail,M,45-54,66
2026-03-01,-16,mail,M,55-64,94
2026-03-01,-16,mail,M,65-74,131
2026-03-01,-16,mail,M,75+,109
2026-03-01,-16,mail,O,75+,1
2026-03-02,-15,early_vote_center,F,18-24,31
2026-03-02,-15,early_vote_center,F,25-34,87
2026-03-02,-15,early_vote_center,F,35-44,121
2026-03-02,-15,early_vote_center,F,45-54,195
2026-03-02,-15,early_vote_center,F,55-64,389
2026-03-02,-15,early_vote_center,F,65-74,710
2026-03-02,-15,early_vote_center,F,75+,561
2026-03-02,-15,early_vote_center,F,unknown,1
2026-03-02,-15,early_vote_center,M,18-24,38
2026-03-02,-15,early_vote_center,M,25-34,116
2026-03-02,-15,early_vote_center,M,35-44,141
2026-03-02,-15,early_vote_center,M,45-54,195
2026-03-02,-15,early_vote_center,M,55-64,434
2026-03-02,-15,early_vote_center,M,65-74,569
2026-03-02,-15,early_vote_center,M,75+,375
2026-03-02,-15,early_vote_center,O,25-34,1
2026-03-02,-15,early_vote_center,O,35-44,1
2026-03-02,-15,early_vote_center,O,75+,2
2026-03-02,-15,grace_period,F,18-24,7
2026-03-02,-15,grace_period,F,25-34,5
2026-03-02,-15,grace_period,F,45-54,4
2026-03-02,-15,grace_period,F,55-64,2
2026-03-02,-15,grace_period,F,65-74,6
2026-03-02,-15,grace_period,F,75+,4
2026-03-02,-15,grace_period,M,18-24,7
2026-03-02,-15,grace_period,M,25-34,12
2026-03-02,-15,grace_period,M,35-44,3
2026-03-02,-15,grace_period,M,45-54,1
2026-03-02,-15,grace_period,M,55-64,9
2026-03-02,-15,grace_period,M,65-74,3
2026-03-02,-15,grace_period,M,75+,4
2026-03-02,-15,grace_period,O,25-34,1
2026-03-02,-15,mail,F,18-24,5
2026-03-02,-15,mail,F,25-34,61
2026-03-02,-15,mail,F,35-44,94
2026-03-02,-15,mail,F,45-54,66
2026-03-02,-15,mail,F,55-64,89
2026-03-02,-15,mail,F,65-74,97
2026-03-02,-15,mail,F,75+,134
2026-03-02,-15,mail,M,18-24,6
2026-03-02,-15,mail,M,25-34,74
2026-03-02,-15,mail,M,35-44,93
2026-03-02,-15,mail,M,45-54,45
2026-03-02,-15,mail,M,55-64,73
2026-03-02,-15,mail,M,65-74,75
2026-03-02,-15,mail,M,75+,80
2026-03-02,-15,mail,O,65-74,1
2026-03-02,-15,provisional,F,35-44,1
2026-03-02,-15,provisional,F,55-64,1
2026-03-02,-15,provisional,F,65-74,2
2026-03-03,-14,early_vote_center,F,18-24,41
2026-03-03,-14,early_vote_center,F,25-34,109
2026-03-03,-14,early_vote_center,F,35-44,122
2026-03-03,-14,early_vote_center,F,45-54,184
2026-03-03,-14,early_vote_center,F,55-64,404
2026-03-03,-14,early_vote_center,F,65-74,749
2026-03-03,-14,early_vote_center,F,75+,528
2026-03-03,-14,early_vote_center,F,unknown,1
2026-03-03,-14,early_vote_center,M,18-24,37
2026-03-03,-14,early_vote_center,M,25-34,122
2026-03-03,-14,early_vote_center,M,35-44,144
2026-03-03,-14,early_vote_center,M,45-54,169
2026-03-03,-14,early_vote_center,M,55-64,366
2026-03-03,-14,early_vote_center,M,65-74,606
2026-03-03,-14,early_vote_center,M,75+,378
2026-03-03,-14,early_vote_center,O,25-34,2
2026-03-03,-14,early_vote_center,O,35-44,1
2026-03-03,-14,early_vote_center,O,65-74,1
2026-03-03,-14,grace_period,F,18-24,12
2026-03-03,-14,grace_period,F,25-34,3
2026-03-03,-14,grace_period,F,35-44,5
2026-03-03,-14,grace_period,F,45-54,3
2026-03-03,-14,grace_period,F,55-64,4
2026-03-03,-14,grace_period,F,65-74,6
2026-03-03,-14,grace_period,F,75+,6
2026-03-03,-14,grace_period,M,18-24,10
2026-03-03,-14,grace_period,M,25-34,10
2026-03-03,-14,grace_period,M,35-44,9
2026-03-03,-14,grace_period,M,45-54,7
2026-03-03,-14,grace_period,M,55-64,8
2026-03-03,-14,grace_period,M,65-74,3
2026-03-03,-14,grace_period,M,75+,5
2026-03-03,-14,mail,F,18-24,41
2026-03-03,-14,mail,F,25-34,236
2026-03-03,-14,mail,F,35-44,323
2026-03-03,-14,mail,F,45-54,233
2026-03-03,-14,mail,F,55-64,365
2026-03-03,-14,mail,F,65-74,641
2026-03-03,-14,mail,F,75+,776
2026-03-03,-14,mail,M,18-24,25
2026-03-03,-14,mail,M,25-34,174
2026-03-03,-14,mail,M,35-44,278
2026-03-03,-14,mail,M,45-54,236
2026-03-03,-14,mail,M,55-64,255
2026-03-03,-14,mail,M,65-74,380
2026-03-03,-14,mail,M,75+,435
2026-03-03,-14,mail,O,25-34,2
2026-03-03,-14,mail,O,45-54,1
2026-03-03,-14,mail,O,55-64,2
2026-03-03,-14,mail,O,65-74,1
2026-03-03,-14,provisional,M,55-64,1
2026-03-04,-13,early_vote_center,F,18-24,40
2026-03-04,-13,early_vote_center,F,25-34,113
2026-03-04,-13,early_vote_center,F,35-44,123
2026-03-04,-13,early_vote_center,F,45-54,169
2026-03-04,-13,early_vote_center,F,55-64,393
2026-03-04,-13,early_vote_center,F,65-74,703
2026-03-04,-13,early_vote_center,F,75+,514
2026-03-04,-13,early_vote_center,F,unknown,2
2026-03-04,-13,early_vote_center,M,18-24,36
2026-03-04,-13,early_vote_center,M,25-34,139
2026-03-04,-13,early_vote_center,M,35-44,169
2026-03-04,-13,early_vote_center,M,45-54,170
2026-03-04,-13,early_vote_center,M,55-64,331
2026-03-04,-13,early_vote_center,M,65-74,493
2026-03-04,-13,early_vote_center,M,75+,359
2026-03-04,-13,early_vote_center,O,25-34,2
2026-03-04,-13,early_vote_center,O,35-44,2
2026-03-04,-13,grace_period,F,18-24,11
2026-03-04,-13,grace_period,F,25-34,9
2026-03-04,-13,grace_period,F,35-44,8
2026-03-04,-13,grace_period,F,45-54,2
2026-03-04,-13,grace_period,F,55-64,4
2026-03-04,-13,grace_period,F,65-74,9
2026-03-04,-13,grace_period,F,75+,3
2026-03-04,-13,grace_period,M,18-24,5
2026-03-04,-13,grace_period,M,25-34,13
2026-03-04,-13,grace_period,M,35-44,4
2026-03-04,-13,grace_period,M,45-54,3
2026-03-04,-13,grace_period,M,55-64,7
2026-03-04,-13,grace_period,M,65-74,7
2026-03-04,-13,grace_period,M,75+,2
2026-03-04,-13,grace_period,O,25-34,2
2026-03-04,-13,mail,F,18-24,46
2026-03-04,-13,mail,F,25-34,342
2026-03-04,-13,mail,F,35-44,429
2026-03-04,-13,mail,F,45-54,358
2026-03-04,-13,mail,F,55-64,440
2026-03-04,-13,mail,F,65-74,781
2026-03-04,-13,mail,F,75+,941
2026-03-04,-13,mail,M,18-24,21
2026-03-04,-13,mail,M,25-34,237
2026-03-04,-13,mail,M,35-44,381
2026-03-04,-13,mail,M,45-54,284
2026-03-04,-13,mail,M,55-64,361
2026-03-04,-13,mail,M,65-74,495
2026-03-04,-13,mail,M,75+,453
2026-03-04,-13,mail,O,18-24,1
2026-03-04,-13,mail,O,25-34,2
2026-03-04,-13,mail,O,35-44,2
2026-03-04,-13,mail,O,55-64,1
2026-03-04,-13,mail,O,65-74,2
2026-03-04,-13,provisional,F,45-54,1
2026-03-04,-13,provisional,F,75+,2
2026-03-04,-13,provisional,M,45-54,1
2026-03-04,-13,provisional,M,55-64,2
2026-03-05,-12,early_vote_center,F,18-24,147
2026-03-05,-12,early_vote_center,F,25-34,126
2026-03-05,-12,early_vote_center,F,35-44,132
2026-03-05,-12,early_vote_center,F,45-54,157
2026-03-05,-12,early_vote_center,F,55-64,399
2026-03-05,-12,early_vote_center,F,65-74,623
2026-03-05,-12,early_vote_center,F,75+,503
2026-03-05,-12,early_vote_center,F,unknown,47
2026-03-05,-12,early_vote_center,M,18-24,93
2026-03-05,-12,early_vote_center,M,25-34,106
2026-03-05,-12,early_vote_center,M,35-44,125
2026-03-05,-12,early_vote_center,M,45-54,166
2026-03-05,-12,early_vote_center,M,55-64,311
2026-03-05,-12,early_vote_center,M,65-74,485
2026-03-05,-12,early_vote_center,M,75+,341
2026-03-05,-12,early_vote_center,M,unknown,23
2026-03-05,-12,early_vote_center,O,18-24,5
2026-03-05,-12,early_vote_center,O,25-34,4
2026-03-05,-12,early_vote_center,O,65-74,2
2026-03-05,-12,early_vote_center,O,unknown,3
2026-03-05,-12,grace_period,F,18-24,42
2026-03-05,-12,grace_period,F,25-34,12
2026-03-05,-12,grace_period,F,35-44,3
2026-03-05,-12,grace_period,F,45-54,3
2026-03-05,-12,grace_period,F,55-64,5
2026-03-05,-12,grace_period,F,65-74,12
2026-03-05,-12,grace_period,F,75+,1
2026-03-05,-12,grace_period,F,unknown,31
2026-03-05,-12,grace_period,M,18-24,35
2026-03-05,-12,grace_period,M,25-34,5
2026-03-05,-12,grace_period,M,35-44,3
2026-03-05,-12,grace_period,M,45-54,2
2026-03-05,-12,grace_period,M,55-64,6
2026-03-05,-12,grace_period,M,65-74,4
2026-03-05,-12,grace_period,M,75+,3
2026-03-05,-12,grace_period,M,unknown,20
2026-03-05,-12,grace_period,O,18-24,1
2026-03-05,-12,mail,F,18-24,20
2026-03-05,-12,mail,F,25-34,140
2026-03-05,-12,mail,F,35-44,189
2026-03-05,-12,mail,F,45-54,161
2026-03-05,-12,mail,F,55-64,195
2026-03-05,-12,mail,F,65-74,380
2026-03-05,-12,mail,F,75+,468
2026-03-05,-12,mail,M,18-24,17
2026-03-05,-12,mail,M,25-34,116
2026-03-05,-12,mail,M,35-44,181
2026-03-05,-12,mail,M,45-54,138
2026-03-05,-12,mail,M,55-64,156
2026-03-05,-12,mail,M,65-74,231
2026-03-05,-12,mail,M,75+,236
2026-03-05,-12,mail,M,unknown,1
2026-03-05,-12,mail,O,25-34,2
2026-03-05,-12,mail,O,35-44,1
2026-03-05,-12,mail,O,75+,1
2026-03-06,-11,early_vote_center,F,18-24,129
2026-03-06,-11,early_vote_center,F,25-34,141
2026-03-06,-11,early_vote_center,F,35-44,159
2026-03-06,-11,early_vote_center,F,45-54,190
2026-03-06,-11,early_vote_center,F,55-64,323
2026-03-06,-11,early_vote_center,F,65-74,559
2026-03-06,-11,early_vote_center,F,75+,368
2026-03-06,-11,early_vote_center,F,unknown,51
2026-03-06,-11,early_vote_center,M,18-24,90
2026-03-06,-11,early_vote_center,M,25-34,123
2026-03-06,-11,early_vote_center,M,35-44,148
2026-03-06,-11,early_vote_center,M,45-54,167
2026-03-06,-11,early_vote_center,M,55-64,289
2026-03-06,-11,early_vote_center,M,65-74,443
2026-03-06,-11,early_vote_center,M,75+,290
2026-03-06,-11,early_vote_center,M,unknown,29
2026-03-06,-11,early_vote_center,O,18-24,4
2026-03-06,-11,early_vote_center,O,25-34,2
2026-03-06,-11,early_vote_center,O,75+,1
2026-03-06,-11,grace_period,F,18-24,58
2026-03-06,-11,grace_period,F,25-34,12
2026-03-06,-11,grace_period,F,35-44,4
2026-03-06,-11,grace_period,F,45-54,8
2026-03-06,-11,grace_period,F,55-64,5
2026-03-06,-11,grace_period,F,65-74,6
2026-03-06,-11,grace_period,F,75+,2
2026-03-06,-11,grace_period,F,unknown,46
2026-03-06,-11,grace_period,M,18-24,49
2026-03-06,-11,grace_period,M,25-34,14
2026-03-06,-11,grace_period,M,35-44,2
2026-03-06,-11,grace_period,M,45-54,4
2026-03-06,-11,grace_period,M,55-64,6
2026-03-06,-11,grace_period,M,65-74,1
2026-03-06,-11,grace_period,M,unknown,55
2026-03-06,-11,grace_period,O,18-24,2
2026-03-06,-11,grace_period,O,25-34,1
2026-03-06,-11,mail,F,18-24,26
2026-03-06,-11,mail,F,25-34,214
2026-03-06,-11,mail,F,35-44,262
2026-03-06,-11,mail,F,45-54,193
2026-03-06,-11,mail,F,55-64,269
2026-03-06,-11,mail,F,65-74,475
2026-03-06,-11,mail,F,75+,537
2026-03-06,-11,mail,M,18-24,16
2026-03-06,-11,mail,M,25-34,161
2026-03-06,-11,mail,M,35-44,209
2026-03-06,-11,mail,M,45-54,177
2026-03-06,-11,mail,M,55-64,207
2026-03-06,-11,mail,M,65-74,286
2026-03-06,-11,mail,M,75+,292
2026-03-06,-11,mail,O,25-34,3
2026-03-06,-11,mail,O,35-44,1
2026-03-06,-11,mail,O,45-54,2
2026-03-06,-11,mail,O,55-64,1
2026-03-06,-11,mail,O,65-74,1
2026-03-06,-11,mail,O,75+,1
2026-03-06,-11,provisional,F,45-54,3
2026-03-06,-11,provisional,F,65-74,2
2026-03-06,-11,provisional,F,75+,1
2026-03-06,-11,provisional,M,35-44,1
2026-03-06,-11,provisional,M,75+,1
2026-03-07,-10,early_vote_center,F,18-24,104
2026-03-07,-10,early_vote_center,F,25-34,264
2026-03-07,-10,early_vote_center,F,35-44,234
2026-03-07,-10,early_vote_center,F,45-54,307
2026-03-07,-10,early_vote_center,F,55-64,460
2026-03-07,-10,early_vote_center,F,65-74,418
2026-03-07,-10,early_vote_center,F,75+,226
2026-03-07,-10,early_vote_center,F,unknown,5
2026-03-07,-10,early_vote_center,M,18-24,96
2026-03-07,-10,early_vote_center,M,25-34,323
2026-03-07,-10,early_vote_center,M,35-44,294
2026-03-07,-10,early_vote_center,M,45-54,293
2026-03-07,-10,early_vote_center,M,55-64,450
2026-03-07,-10,early_vote_center,M,65-74,306
2026-03-07,-10,early_vote_center,M,75+,138
2026-03-07,-10,early_vote_center,M,unknown,2
2026-03-07,-10,early_vote_center,O,18-24,1
2026-03-07,-10,early_vote_center,O,25-34,3
2026-03-07,-10,early_vote_center,O,35-44,2
2026-03-07,-10,grace_period,F,18-24,19
2026-03-07,-10,grace_period,F,25-34,19
2026-03-07,-10,grace_period,F,35-44,7
2026-03-07,-10,grace_period,F,45-54,6
2026-03-07,-10,grace_period,F,55-64,10
2026-03-07,-10,grace_period,F,65-74,3
2026-03-07,-10,grace_period,F,75+,2
2026-03-07,-10,grace_period,F,unknown,2
2026-03-07,-10,grace_period,M,18-24,47
2026-03-07,-10,grace_period,M,25-34,53
2026-03-07,-10,grace_period,M,35-44,32
2026-03-07,-10,grace_period,M,45-54,12
2026-03-07,-10,grace_period,M,55-64,9
2026-03-07,-10,grace_period,M,65-74,4
2026-03-07,-10,grace_period,M,75+,2
2026-03-07,-10,grace_period,M,unknown,2
2026-03-07,-10,mail,F,18-24,19
2026-03-07,-10,mail,F,25-34,99
2026-03-07,-10,mail,F,35-44,134
2026-03-07,-10,mail,F,45-54,93
2026-03-07,-10,mail,F,55-64,107
2026-03-07,-10,mail,F,65-74,148
2026-03-07,-10,mail,F,75+,208
2026-03-07,-10,mail,M,18-24,11
2026-03-07,-10,mail,M,25-34,85
2026-03-07,-10,mail,M,35-44,124
2026-03-07,-10,mail,M,45-54,77
2026-03-07,-10,mail,M,55-64,84
2026-03-07,-10,mail,M,65-74,111
2026-03-07,-10,mail,M,75+,101
2026-03-07,-10,mail,O,25-34,1
2026-03-07,-10,provisional,F,25-34,1
2026-03-07,-10,provisional,F,45-54,1
2026-03-07,-10,provisional,M,35-44,1
2026-03-08,-9,early_vote_center,F,18-24,69
2026-03-08,-9,early_vote_center,F,25-34,190
2026-03-08,-9,early_vote_center,F,35-44,172
2026-03-08,-9,early_vote_center,F,45-54,232
2026-03-08,-9,early_vote_center,F,55-64,359
2026-03-08,-9,early_vote_center,F,65-74,329
2026-03-08,-9,early_vote_center,F,75+,170
2026-03-08,-9,early_vote_center,F,unknown,1
2026-03-08,-9,early_vote_center,M,18-24,71
2026-03-08,-9,early_vote_center,M,25-34,205
2026-03-08,-9,early_vote_center,M,35-44,190
2026-03-08,-9,early_vote_center,M,45-54,191
2026-03-08,-9,early_vote_center,M,55-64,286
2026-03-08,-9,early_vote_center,M,65-74,207
2026-03-08,-9,early_vote_center,M,75+,85
2026-03-08,-9,early_vote_center,M,unknown,3
2026-03-08,-9,early_vote_center,O,18-24,3
2026-03-08,-9,early_vote_center,O,25-34,1
2026-03-08,-9,early_vote_center,O,35-44,1
2026-03-08,-9,early_vote_center,O,45-54,1
2026-03-08,-9,grace_period,F,18-24,13
2026-03-08,-9,grace_period,F,25-34,15
2026-03-08,-9,grace_period,F,35-44,3
2026-03-08,-9,grace_period,F,45-54,4
2026-03-08,-9,grace_period,F,55-64,8
2026-03-08,-9,grace_period,F,65-74,4
2026-03-08,-9,grace_period,F,unknown,2
2026-03-08,-9,grace_period,M,18-24,20
2026-03-08,-9,grace_period,M,25-34,28
2026-03-08,-9,grace_period,M,35-44,12
2026-03-08,-9,grace_period,M,45-54,8
2026-03-08,-9,grace_period,M,55-64,3
2026-03-08,-9,grace_period,M,65-74,2
2026-03-08,-9,grace_period,M,75+,2
2026-03-08,-9,grace_period,O,25-34,2
2026-03-08,-9,mail,F,18-24,10
2026-03-08,-9,mail,F,25-34,103
2026-03-08,-9,mail,F,35-44,140
2026-03-08,-9,mail,F,45-54,104
2026-03-08,-9,mail,F,55-64,121
2026-03-08,-9,mail,F,65-74,231
2026-03-08,-9,mail,F,75+,249
2026-03-08,-9,mail,M,18-24,16
2026-03-08,-9,mail,M,25-34,69
2026-03-08,-9,mail,M,35-44,126
2026-03-08,-9,mail,M,45-54,88
2026-03-08,-9,mail,M,55-64,87
2026-03-08,-9,mail,M,65-74,124
2026-03-08,-9,mail,M,75+,127
2026-03-08,-9,mail,O,18-24,1
2026-03-08,-9,mail,O,25-34,2
2026-03-08,-9,provisional,M,35-44,1
2026-03-09,-8,early_vote_center,F,18-24,84
2026-03-09,-8,early_vote_center,F,25-34,239
2026-03-09,-8,early_vote_center,F,35-44,219
2026-03-09,-8,early_vote_center,F,45-54,310
2026-03-09,-8,early_vote_center,F,55-64,669
2026-03-09,-8,early_vote_center,F,65-74,1011
2026-03-09,-8,early_vote_center,F,75+,876
2026-03-09,-8,early_vote_center,F,unknown,6
2026-03-09,-8,early_vote_center,M,18-24,63
2026-03-09,-8,early_vote_center,M,25-34,172
2026-03-09,-8,early_vote_center,M,35-44,226
2026-03-09,-8,early_vote_center,M,45-54,251
2026-03-09,-8,early_vote_center,M,55-64,467
2026-03-09,-8,early_vote_center,M,65-74,674
2026-03-09,-8,early_vote_center,M,75+,507
2026-03-09,-8,early_vote_center,M,unknown,1
2026-03-09,-8,early_vote_center,O,18-24,1
2026-03-09,-8,early_vote_center,O,25-34,1
2026-03-09,-8,early_vote_center,O,45-54,1
2026-03-09,-8,grace_period,F,18-24,23
2026-03-09,-8,grace_period,F,25-34,23
2026-03-09,-8,grace_period,F,35-44,10
2026-03-09,-8,grace_period,F,45-54,5
2026-03-09,-8,grace_period,F,55-64,6
2026-03-09,-8,grace_period,F,65-74,10
2026-03-09,-8,grace_period,F,75+,4
2026-03-09,-8,grace_period,F,unknown,9
2026-03-09,-8,grace_period,M,18-24,18
2026-03-09,-8,grace_period,M,25-34,14
2026-03-09,-8,grace_period,M,35-44,6
2026-03-09,-8,grace_period,M,45-54,7
2026-03-09,-8,grace_period,M,55-64,6
2026-03-09,-8,grace_period,M,65-74,7
2026-03-09,-8,grace_period,M,75+,1
2026-03-09,-8,grace_period,M,unknown,9
2026-03-09,-8,grace_period,O,18-24,1
2026-03-09,-8,grace_period,O,25-34,1
2026-03-09,-8,mail,F,18-24,56
2026-03-09,-8,mail,F,25-34,379
2026-03-09,-8,mail,F,35-44,529
2026-03-09,-8,mail,F,45-54,386
2026-03-09,-8,mail,F,55-64,452
2026-03-09,-8,mail,F,65-74,537
2026-03-09,-8,mail,F,75+,546
2026-03-09,-8,mail,M,18-24,37
2026-03-09,-8,mail,M,25-34,259
2026-03-09,-8,mail,M,35-44,412
2026-03-09,-8,mail,M,45-54,282
2026-03-09,-8,mail,M,55-64,317
2026-03-09,-8,mail,M,65-74,325
2026-03-09,-8,mail,M,75+,270
2026-03-09,-8,mail,O,25-34,4
2026-03-09,-8,mail,O,45-54,2
2026-03-09,-8,mail,O,55-64,1
2026-03-09,-8,mail,O,65-74,1
2026-03-09,-8,provisional,F,25-34,1
2026-03-09,-8,provisional,F,35-44,1
2026-03-09,-8,provisional,F,55-64,1
2026-03-09,-8,provisional,M,35-44,2
2026-03-09,-8,provisional,M,45-54,1
2026-03-10,-7,early_vote_center,F,18-24,75
2026-03-10,-7,early_vote_center,F,25-34,236
2026-03-10,-7,early_vote_center,F,35-44,216
2026-03-10,-7,early_vote_center,F,45-54,297
2026-03-10,-7,early_vote_center,F,55-64,559
2026-03-10,-7,early_vote_center,F,65-74,951
2026-03-10,-7,early_vote_center,F,75+,768
2026-03-10,-7,early_vote_center,F,unknown,2
2026-03-10,-7,early_vote_center,M,18-24,65
2026-03-10,-7,early_vote_center,M,25-34,195
2026-03-10,-7,early_vote_center,M,35-44,218
2026-03-10,-7,early_vote_center,M,45-54,252
2026-03-10,-7,early_vote_center,M,55-64,437
2026-03-10,-7,early_vote_center,M,65-74,665
2026-03-10,-7,early_vote_center,M,75+,441
2026-03-10,-7,early_vote_center,M,unknown,3
2026-03-10,-7,early_vote_center,O,25-34,1
2026-03-10,-7,early_vote_center,O,35-44,1
2026-03-10,-7,early_vote_center,O,65-74,1
2026-03-10,-7,early_vote_center,O,75+,1
2026-03-10,-7,grace_period,F,18-24,21
2026-03-10,-7,grace_period,F,25-34,23
2026-03-10,-7,grace_period,F,35-44,5
2026-03-10,-7,grace_period,F,45-54,10
2026-03-10,-7,grace_period,F,55-64,7
2026-03-10,-7,grace_period,F,65-74,8
2026-03-10,-7,grace_period,F,75+,4
2026-03-10,-7,grace_period,F,unknown,16
2026-03-10,-7,grace_period,M,18-24,33
2026-03-10,-7,grace_period,M,25-34,16
2026-03-10,-7,grace_period,M,35-44,5
2026-03-10,-7,grace_period,M,45-54,3
2026-03-10,-7,grace_period,M,55-64,5
2026-03-10,-7,grace_period,M,65-74,6
2026-03-10,-7,grace_period,M,75+,1
2026-03-10,-7,grace_period,M,unknown,19
2026-03-10,-7,grace_period,O,25-34,1
2026-03-10,-7,mail,F,18-24,43
2026-03-10,-7,mail,F,25-34,366
2026-03-10,-7,mail,F,35-44,511
2026-03-10,-7,mail,F,45-54,299
2026-03-10,-7,mail,F,55-64,334
2026-03-10,-7,mail,F,65-74,532
2026-03-10,-7,mail,F,75+,596
2026-03-10,-7,mail,F,unknown,2
2026-03-10,-7,mail,M,18-24,36
2026-03-10,-7,mail,M,25-34,269
2026-03-10,-7,mail,M,35-44,394
2026-03-10,-7,mail,M,45-54,267
2026-03-10,-7,mail,M,55-64,280
2026-03-10,-7,mail,M,65-74,350
2026-03-10,-7,mail,M,75+,312
2026-03-10,-7,mail,O,18-24,1
2026-03-10,-7,mail,O,25-34,3
2026-03-10,-7,mail,O,35-44,2
2026-03-10,-7,mail,O,45-54,2
2026-03-10,-7,mail,O,75+,1
2026-03-10,-7,provisional,F,45-54,1
2026-03-10,-7,provisional,F,55-64,1
2026-03-10,-7,provisional,F,65-74,3
2026-03-10,-7,provisional,F,75+,1
2026-03-10,-7,provisional,M,25-34,1
2026-03-10,-7,provisional,M,55-64,1
2026-03-11,-6,early_vote_center,F,18-24,96
2026-03-11,-6,early_vote_center,F,25-34,251
2026-03-11,-6,early_vote_center,F,35-44,238
2026-03-11,-6,early_vote_center,F,45-54,292
2026-03-11,-6,early_vote_center,F,55-64,492
2026-03-11,-6,early_vote_center,F,65-74,727
2026-03-11,-6,early_vote_center,F,75+,510
2026-03-11,-6,early_vote_center,F,unknown,2
2026-03-11,-6,early_vote_center,M,18-24,64
2026-03-11,-6,early_vote_center,M,25-34,191
2026-03-11,-6,early_vote_center,M,35-44,221
2026-03-11,-6,early_vote_center,M,45-54,223
2026-03-11,-6,early_vote_center,M,55-64,426
2026-03-11,-6,early_vote_center,M,65-74,517
2026-03-11,-6,early_vote_center,M,75+,381
2026-03-11,-6,early_vote_center,M,unknown,1
2026-03-11,-6,early_vote_center,O,18-24,1
2026-03-11,-6,early_vote_center,O,25-34,11
2026-03-11,-6,early_vote_center,O,35-44,1
2026-03-11,-6,grace_period,F,18-24,32
2026-03-11,-6,grace_period,F,25-34,22
2026-03-11,-6,grace_period,F,35-44,7
2026-03-11,-6,grace_period,F,45-54,2
2026-03-11,-6,grace_period,F,55-64,4
2026-03-11,-6,grace_period,F,65-74,4
2026-03-11,-6,grace_period,F,75+,8
2026-03-11,-6,grace_period,F,unknown,17
2026-03-11,-6,grace_period,M,18-24,42
2026-03-11,-6,grace_period,M,25-34,15
2026-03-11,-6,grace_period,M,35-44,9
2026-03-11,-6,grace_period,M,45-54,5
2026-03-11,-6,grace_period,M,55-64,3
2026-03-11,-6,grace_period,M,65-74,11
2026-03-11,-6,grace_period,M,75+,3
2026-03-11,-6,grace_period,M,unknown,7
2026-03-11,-6,grace_period,O,25-34,1
2026-03-11,-6,mail,F,18-24,62
2026-03-11,-6,mail,F,25-34,522
2026-03-11,-6,mail,F,35-44,672
2026-03-11,-6,mail,F,45-54,410
2026-03-11,-6,mail,F,55-64,431
2026-03-11,-6,mail,F,65-74,562
2026-03-11,-6,mail,F,75+,604
2026-03-11,-6,mail,F,unknown,1
2026-03-11,-6,mail,M,18-24,30
2026-03-11,-6,mail,M,25-34,362
2026-03-11,-6,mail,M,35-44,622
2026-03-11,-6,mail,M,45-54,354
2026-03-11,-6,mail,M,55-64,285
2026-03-11,-6,mail,M,65-74,354
2026-03-11,-6,mail,M,75+,274
2026-03-11,-6,mail,M,unknown,1
2026-03-11,-6,mail,O,18-24,1
2026-03-11,-6,mail,O,25-34,7
2026-03-11,-6,mail,O,35-44,2
2026-03-11,-6,mail,O,65-74,2
2026-03-11,-6,provisional,F,25-34,1
2026-03-11,-6,provisional,F,35-44,1
2026-03-11,-6,provisional,F,55-64,2
2026-03-11,-6,provisional,F,65-74,1
2026-03-11,-6,provisional,M,45-54,2
2026-03-12,-5,early_vote_center,F,18-24,166
2026-03-12,-5,early_vote_center,F,25-34,450
2026-03-12,-5,early_vote_center,F,35-44,370
2026-03-12,-5,early_vote_center,F,45-54,445
2026-03-12,-5,early_vote_center,F,55-64,872
2026-03-12,-5,early_vote_center,F,65-74,1278
2026-03-12,-5,early_vote_center,F,75+,1060
2026-03-12,-5,early_vote_center,F,unknown,27
2026-03-12,-5,early_vote_center,M,18-24,126
2026-03-12,-5,early_vote_center,M,25-34,352
2026-03-12,-5,early_vote_center,M,35-44,355
2026-03-12,-5,early_vote_center,M,45-54,344
2026-03-12,-5,early_vote_center,M,55-64,597
2026-03-12,-5,early_vote_center,M,65-74,809
2026-03-12,-5,early_vote_center,M,75+,609
2026-03-12,-5,early_vote_center,M,unknown,19
2026-03-12,-5,early_vote_center,O,18-24,7
2026-03-12,-5,early_vote_center,O,25-34,4
2026-03-12,-5,early_vote_center,O,35-44,2
2026-03-12,-5,early_vote_center,O,45-54,1
2026-03-12,-5,grace_period,F,18-24,51
2026-03-12,-5,grace_period,F,25-34,35
2026-03-12,-5,grace_period,F,35-44,11
2026-03-12,-5,grace_period,F,45-54,6
2026-03-12,-5,grace_period,F,55-64,11
2026-03-12,-5,grace_period,F,65-74,7
2026-03-12,-5,grace_period,F,75+,4
2026-03-12,-5,grace_period,F,unknown,16
2026-03-12,-5,grace_period,M,18-24,45
2026-03-12,-5,grace_period,M,25-34,32
2026-03-12,-5,grace_period,M,35-44,6
2026-03-12,-5,grace_period,M,45-54,8
2026-03-12,-5,grace_period,M,55-64,6
2026-03-12,-5,grace_period,M,65-74,6
2026-03-12,-5,grace_period,M,75+,2
2026-03-12,-5,grace_period,M,unknown,14
2026-03-12,-5,mail,F,18-24,122
2026-03-12,-5,mail,F,25-34,735
2026-03-12,-5,mail,F,35-44,891
2026-03-12,-5,mail,F,45-54,508
2026-03-12,-5,mail,F,55-64,540
2026-03-12,-5,mail,F,65-74,732
2026-03-12,-5,mail,F,75+,782
2026-03-12,-5,mail,F,unknown,2
2026-03-12,-5,mail,M,18-24,61
2026-03-12,-5,mail,M,25-34,472
2026-03-12,-5,mail,M,35-44,719
2026-03-12,-5,mail,M,45-54,455
2026-03-12,-5,mail,M,55-64,390
2026-03-12,-5,mail,M,65-74,523
2026-03-12,-5,mail,M,75+,423
2026-03-12,-5,mail,M,unknown,1
2026-03-12,-5,mail,O,18-24,1
2026-03-12,-5,mail,O,25-34,5
2026-03-12,-5,mail,O,35-44,3
2026-03-12,-5,mail,O,75+,1
2026-03-12,-5,provisional,F,25-34,1
2026-03-12,-5,provisional,F,35-44,1
2026-03-12,-5,provisional,F,45-54,1
2026-03-12,-5,provisional,F,65-74,4
2026-03-12,-5,provisional,M,35-44,1
2026-03-12,-5,provisional,M,45-54,2
2026-03-12,-5,provisional,M,55-64,1
2026-03-12,-5,provisional,M,65-74,1
2026-03-13,-4,early_vote_center,F,18-24,208
2026-03-13,-4,early_vote_center,F,25-34,622
2026-03-13,-4,early_vote_center,F,35-44,529
2026-03-13,-4,early_vote_center,F,45-54,615
2026-03-13,-4,early_vote_center,F,55-64,922
2026-03-13,-4,early_vote_center,F,65-74,1234
2026-03-13,-4,early_vote_center,F,75+,824
2026-03-13,-4,early_vote_center,F,unknown,16
2026-03-13,-4,early_vote_center,M,18-24,157
2026-03-13,-4,early_vote_center,M,25-34,465
2026-03-13,-4,early_vote_center,M,35-44,494
2026-03-13,-4,early_vote_center,M,45-54,475
2026-03-13,-4,early_vote_center,M,55-64,751
2026-03-13,-4,early_vote_center,M,65-74,871
2026-03-13,-4,early_vote_center,M,75+,556
2026-03-13,-4,early_vote_center,M,unknown,7
2026-03-13,-4,early_vote_center,O,18-24,3
2026-03-13,-4,early_vote_center,O,25-34,8
2026-03-13,-4,early_vote_center,O,35-44,1
2026-03-13,-4,early_vote_center,O,55-64,2
2026-03-13,-4,early_vote_center,O,65-74,3
2026-03-13,-4,early_vote_center,O,75+,1
2026-03-13,-4,grace_period,F,18-24,71
2026-03-13,-4,grace_period,F,25-34,50
2026-03-13,-4,grace_period,F,35-44,15
2026-03-13,-4,grace_period,F,45-54,12
2026-03-13,-4,grace_period,F,55-64,11
2026-03-13,-4,grace_period,F,65-74,6
2026-03-13,-4,grace_period,F,75+,4
2026-03-13,-4,grace_period,F,unknown,23
2026-03-13,-4,grace_period,M,18-24,39
2026-03-13,-4,grace_period,M,25-34,31
2026-03-13,-4,grace_period,M,35-44,11
2026-03-13,-4,grace_period,M,45-54,4
2026-03-13,-4,grace_period,M,55-64,11
2026-03-13,-4,grace_period,M,65-74,3
2026-03-13,-4,grace_period,M,75+,5
2026-03-13,-4,grace_period,M,unknown,10
2026-03-13,-4,grace_period,O,18-24,1
2026-03-13,-4,mail,F,18-24,71
2026-03-13,-4,mail,F,25-34,415
2026-03-13,-4,mail,F,35-44,500
2026-03-13,-4,mail,F,45-54,292
2026-03-13,-4,mail,F,55-64,353
2026-03-13,-4,mail,F,65-74,467
2026-03-13,-4,mail,F,75+,535
2026-03-13,-4,mail,F,unknown,1
2026-03-13,-4,mail,M,18-24,36
2026-03-13,-4,mail,M,25-34,274
2026-03-13,-4,mail,M,35-44,388
2026-03-13,-4,mail,M,45-54,235
2026-03-13,-4,mail,M,55-64,254
2026-03-13,-4,mail,M,65-74,268
2026-03-13,-4,mail,M,75+,252
2026-03-13,-4,mail,O,25-34,7
2026-03-13,-4,mail,O,45-54,1
2026-03-13,-4,mail,O,55-64,1
2026-03-13,-4,mail,O,65-74,1
2026-03-13,-4,mail,O,75+,1
2026-03-13,-4,provisional,F,18-24,1
2026-03-13,-4,provisional,F,35-44,3
2026-03-13,-4,provisional,F,45-54,2
2026-03-13,-4,provisional,F,55-64,1
2026-03-13,-4,provisional,F,65-74,3
2026-03-13,-4,provisional,M,25-34,2
2026-03-13,-4,provisional,M,35-44,1
2026-03-13,-4,provisional,M,45-54,2
2026-03-13,-4,provisional,M,55-64,2
2026-03-13,-4,provisional,M,65-74,1
2026-03-13,-4,provisional,O,unknown,1
2026-03-14,-3,early_vote_center,F,18-24,208
2026-03-14,-3,early_vote_center,F,25-34,649
2026-03-14,-3,early_vote_center,F,35-44,683
2026-03-14,-3,early_vote_center,F,45-54,849
2026-03-14,-3,early_vote_center,F,55-64,1215
2026-03-14,-3,early_vote_center,F,65-74,1102
2026-03-14,-3,early_vote_center,F,75+,573
2026-03-14,-3,early_vote_center,F,unknown,9
2026-03-14,-3,early_vote_center,M,18-24,142
2026-03-14,-3,early_vote_center,M,25-34,488
2026-03-14,-3,early_vote_center,M,35-44,592
2026-03-14,-3,early_vote_center,M,45-54,564
2026-03-14,-3,early_vote_center,M,55-64,821
2026-03-14,-3,early_vote_center,M,65-74,702
2026-03-14,-3,early_vote_center,M,75+,330
2026-03-14,-3,early_vote_center,M,unknown,2
2026-03-14,-3,early_vote_center,O,18-24,10
2026-03-14,-3,early_vote_center,O,25-34,9
2026-03-14,-3,early_vote_center,O,35-44,4
2026-03-14,-3,early_vote_center,O,45-54,1
2026-03-14,-3,early_vote_center,O,55-64,1
2026-03-14,-3,early_vote_center,O,65-74,1
2026-03-14,-3,early_vote_center,O,75+,1
2026-03-14,-3,early_vote_center,O,unknown,1
2026-03-14,-3,grace_period,F,18-24,32
2026-03-14,-3,grace_period,F,25-34,43
2026-03-14,-3,grace_period,F,35-44,17
2026-03-14,-3,grace_period,F,45-54,6
2026-03-14,-3,grace_period,F,55-64,9
2026-03-14,-3,grace_period,F,65-74,10
2026-03-14,-3,grace_period,F,75+,6
2026-03-14,-3,grace_period,F,unknown,1
2026-03-14,-3,grace_period,M,18-24,31
2026-03-14,-3,grace_period,M,25-34,37
2026-03-14,-3,grace_period,M,35-44,17
2026-03-14,-3,grace_period,M,45-54,5
2026-03-14,-3,grace_period,M,55-64,6
2026-03-14,-3,grace_period,M,65-74,5
2026-03-14,-3,grace_period,M,unknown,2
2026-03-14,-3,grace_period,O,25-34,2
2026-03-14,-3,mail,F,18-24,18
2026-03-14,-3,mail,F,25-34,74
2026-03-14,-3,mail,F,35-44,84
2026-03-14,-3,mail,F,45-54,51
2026-03-14,-3,mail,F,55-64,77
2026-03-14,-3,mail,F,65-74,107
2026-03-14,-3,mail,F,75+,133
2026-03-14,-3,mail,M,18-24,7
2026-03-14,-3,mail,M,25-34,44
2026-03-14,-3,mail,M,35-44,68
2026-03-14,-3,mail,M,45-54,47
2026-03-14,-3,mail,M,55-64,69
2026-03-14,-3,mail,M,65-74,75
2026-03-14,-3,mail,M,75+,57
2026-03-14,-3,mail,O,18-24,2
2026-03-14,-3,nursing_home,F,25-34,1
2026-03-14,-3,nursing_home,F,35-44,8
2026-03-14,-3,nursing_home,F,45-54,20
2026-03-14,-3,nursing_home,F,55-64,50
2026-03-14,-3,nursing_home,F,65-74,57
2026-03-14,-3,nursing_home,F,75+,121
2026-03-14,-3,nursing_home,M,25-34,10
2026-03-14,-3,nursing_home,M,35-44,20
2026-03-14,-3,nursing_home,M,45-54,27
2026-03-14,-3,nursing_home,M,55-64,82
2026-03-14,-3,nursing_home,M,65-74,120
2026-03-14,-3,nursing_home,M,75+,68
2026-03-14,-3,nursing_home,O,75+,1
2026-03-14,-3,provisional,F,18-24,1
2026-03-14,-3,provisional,F,25-34,1
2026-03-14,-3,provisional,F,35-44,1
2026-03-14,-3,provisional,F,65-74,2
2026-03-14,-3,provisional,F,75+,4
2026-03-14,-3,provisional,M,35-44,1
2026-03-14,-3,provisional,M,45-54,1
2026-03-14,-3,provisional,M,65-74,1
2026-03-15,-2,early_vote_center,F,18-24,261
2026-03-15,-2,early_vote_center,F,25-34,904
2026-03-15,-2,early_vote_center,F,35-44,768
2026-03-15,-2,early_vote_center,F,45-54,815
2026-03-15,-2,early_vote_center,F,55-64,1108
2026-03-15,-2,early_vote_center,F,65-74,814
2026-03-15,-2,early_vote_center,F,75+,410
2026-03-15,-2,early_vote_center,F,unknown,4
2026-03-15,-2,early_vote_center,M,18-24,189
2026-03-15,-2,early_vote_center,M,25-34,677
2026-03-15,-2,early_vote_center,M,35-44,666
2026-03-15,-2,early_vote_center,M,45-54,567
2026-03-15,-2,early_vote_center,M,55-64,813
2026-03-15,-2,early_vote_center,M,65-74,531
2026-03-15,-2,early_vote_center,M,75+,253
2026-03-15,-2,early_vote_center,M,unknown,13
2026-03-15,-2,early_vote_center,O,18-24,2
2026-03-15,-2,early_vote_center,O,25-34,15
2026-03-15,-2,early_vote_center,O,35-44,4
2026-03-15,-2,early_vote_center,O,55-64,2
2026-03-15,-2,early_vote_center,O,65-74,1
2026-03-15,-2,grace_period,F,18-24,56
2026-03-15,-2,grace_period,F,25-34,83
2026-03-15,-2,grace_period,F,35-44,27
2026-03-15,-2,grace_period,F,45-54,13
2026-03-15,-2,grace_period,F,55-64,14
2026-03-15,-2,grace_period,F,65-74,14
2026-03-15,-2,grace_period,F,75+,5
2026-03-15,-2,grace_period,F,unknown,3
2026-03-15,-2,grace_period,M,18-24,50
2026-03-15,-2,grace_period,M,25-34,60
2026-03-15,-2,grace_period,M,35-44,28
2026-03-15,-2,grace_period,M,45-54,2
2026-03-15,-2,grace_period,M,55-64,4
2026-03-15,-2,grace_period,M,65-74,8
2026-03-15,-2,grace_period,M,75+,2
2026-03-15,-2,grace_period,M,unknown,13
2026-03-15,-2,grace_period,O,25-34,3
2026-03-15,-2,grace_period,O,35-44,1
2026-03-15,-2,mail,F,18-24,67
2026-03-15,-2,mail,F,25-34,441
2026-03-15,-2,mail,F,35-44,497
2026-03-15,-2,mail,F,45-54,319
2026-03-15,-2,mail,F,55-64,333
2026-03-15,-2,mail,F,65-74,372
2026-03-15,-2,mail,F,75+,422
2026-03-15,-2,mail,F,unknown,1
2026-03-15,-2,mail,M,18-24,28
2026-03-15,-2,mail,M,25-34,265
2026-03-15,-2,mail,M,35-44,429
2026-03-15,-2,mail,M,45-54,249
2026-03-15,-2,mail,M,55-64,194
2026-03-15,-2,mail,M,65-74,268
2026-03-15,-2,mail,M,75+,210
2026-03-15,-2,mail,O,25-34,3
2026-03-15,-2,mail,O,35-44,2
2026-03-15,-2,mail,O,65-74,1
2026-03-15,-2,nursing_home,F,35-44,4
2026-03-15,-2,nursing_home,F,45-54,7
2026-03-15,-2,nursing_home,F,55-64,18
2026-03-15,-2,nursing_home,F,65-74,19
2026-03-15,-2,nursing_home,F,75+,30
2026-03-15,-2,nursing_home,M,25-34,2
2026-03-15,-2,nursing_home,M,35-44,7
2026-03-15,-2,nursing_home,M,45-54,15
2026-03-15,-2,nursing_home,M,55-64,18
2026-03-15,-2,nursing_home,M,65-74,22
2026-03-15,-2,nursing_home,M,75+,16
2026-03-15,-2,provisional,F,25-34,3
2026-03-15,-2,provisional,F,55-64,1
2026-03-15,-2,provisional,F,65-74,2
2026-03-15,-2,provisional,F,75+,1
2026-03-15,-2,provisional,M,18-24,1
2026-03-15,-2,provisional,M,25-34,4
2026-03-15,-2,provisional,M,65-74,1
2026-03-16,-1,early_vote_center,F,18-24,602
2026-03-16,-1,early_vote_center,F,25-34,2128
2026-03-16,-1,early_vote_center,F,35-44,1610
2026-03-16,-1,early_vote_center,F,45-54,1534
2026-03-16,-1,early_vote_center,F,55-64,2031
2026-03-16,-1,early_vote_center,F,65-74,2142
2026-03-16,-1,early_vote_center,F,75+,1181
2026-03-16,-1,early_vote_center,F,unknown,12
2026-03-16,-1,early_vote_center,M,18-24,350
2026-03-16,-1,early_vote_center,M,25-34,1553
2026-03-16,-1,early_vote_center,M,35-44,1334
2026-03-16,-1,early_vote_center,M,45-54,1121
2026-03-16,-1,early_vote_center,M,55-64,1499
2026-03-16,-1,early_vote_center,M,65-74,1476
2026-03-16,-1,early_vote_center,M,75+,799
2026-03-16,-1,early_vote_center,M,unknown,12
2026-03-16,-1,early_vote_center,O,18-24,10
2026-03-16,-1,early_vote_center,O,25-34,32
2026-03-16,-1,early_vote_center,O,35-44,7
2026-03-16,-1,early_vote_center,O,45-54,1
2026-03-16,-1,early_vote_center,O,55-64,3
2026-03-16,-1,early_vote_center,O,65-74,5
2026-03-16,-1,grace_period,F,18-24,123
2026-03-16,-1,grace_period,F,25-34,220
2026-03-16,-1,grace_period,F,35-44,50
2026-03-16,-1,grace_period,F,45-54,22
2026-03-16,-1,grace_period,F,55-64,17
2026-03-16,-1,grace_period,F,65-74,21
2026-03-16,-1,grace_period,F,75+,6
2026-03-16,-1,grace_period,F,unknown,12
2026-03-16,-1,grace_period,M,18-24,88
2026-03-16,-1,grace_period,M,25-34,163
2026-03-16,-1,grace_period,M,35-44,57
2026-03-16,-1,grace_period,M,45-54,17
2026-03-16,-1,grace_period,M,55-64,18
2026-03-16,-1,grace_period,M,65-74,15
2026-03-16,-1,grace_period,M,75+,3
2026-03-16,-1,grace_period,M,unknown,12
2026-03-16,-1,grace_period,O,18-24,5
2026-03-16,-1,grace_period,O,25-34,4
2026-03-16,-1,grace_period,O,35-44,1
2026-03-16,-1,grace_period,O,45-54,2
2026-03-16,-1,mail,F,18-24,107
2026-03-16,-1,mail,F,25-34,672
2026-03-16,-1,mail,F,35-44,1003
2026-03-16,-1,mail,F,45-54,569
2026-03-16,-1,mail,F,55-64,579
2026-03-16,-1,mail,F,65-74,558
2026-03-16,-1,mail,F,75+,527
2026-03-16,-1,mail,F,unknown,2
2026-03-16,-1,mail,M,18-24,58
2026-03-16,-1,mail,M,25-34,434
2026-03-16,-1,mail,M,35-44,818
2026-03-16,-1,mail,M,45-54,480
2026-03-16,-1,mail,M,55-64,402
2026-03-16,-1,mail,M,65-74,316
2026-03-16,-1,mail,M,75+,263
2026-03-16,-1,mail,M,unknown,1
2026-03-16,-1,mail,O,18-24,3
2026-03-16,-1,mail,O,25-34,8
2026-03-16,-1,mail,O,35-44,3
2026-03-16,-1,mail,O,45-54,1
2026-03-16,-1,mail,O,55-64,1
2026-03-16,-1,mail,O,65-74,1
2026-03-16,-1,nursing_home,F,55-64,7
2026-03-16,-1,nursing_home,F,65-74,5
2026-03-16,-1,nursing_home,F,75+,11
2026-03-16,-1,nursing_home,M,25-34,1
2026-03-16,-1,nursing_home,M,45-54,2
2026-03-16,-1,nursing_home,M,55-64,15
2026-03-16,-1,nursing_home,M,65-74,15
2026-03-16,-1,nursing_home,M,75+,10
2026-03-16,-1,provisional,F,25-34,2
2026-03-16,-1,provisional,F,35-44,6
2026-03-16,-1,provisional,F,65-74,4
2026-03-16,-1,provisional,F,75+,6
2026-03-16,-1,provisional,M,25-34,1
2026-03-16,-1,provisional,M,35-44,2
2026-03-16,-1,provisional,M,65-74,3
2026-03-16,-1,provisional,M,75+,1
2026-03-16,-1,provisional,O,35-44,1
2026-03-17,0,early_vote_center,F,18-24,867
2026-03-17,0,early_vote_center,F,25-34,2112
2026-03-17,0,early_vote_center,F,35-44,1572
2026-03-17,0,early_vote_center,F,45-54,1556
2026-03-17,0,early_vote_center,F,55-64,1959
2026-03-17,0,early_vote_center,F,65-74,1805
2026-03-17,0,early_vote_center,F,75+,1090
2026-03-17,0,early_vote_center,F,unknown,7
2026-03-17,0,early_vote_center,M,18-24,559
2026-03-17,0,early_vote_center,M,25-34,1516
2026-03-17,0,early_vote_center,M,35-44,1325
2026-03-17,0,early_vote_center,M,45-54,1301
2026-03-17,0,early_vote_center,M,55-64,1771
2026-03-17,0,early_vote_center,M,65-74,1454
2026-03-17,0,early_vote_center,M,75+,749
2026-03-17,0,early_vote_center,M,unknown,7
2026-03-17,0,early_vote_center,O,18-24,16
2026-03-17,0,early_vote_center,O,25-34,40
2026-03-17,0,early_vote_center,O,35-44,6
2026-03-17,0,early_vote_center,O,45-54,2
2026-03-17,0,early_vote_center,O,55-64,3
2026-03-17,0,early_vote_center,O,65-74,1
2026-03-17,0,early_vote_center,O,75+,1
2026-03-17,0,grace_period,F,18-24,322
2026-03-17,0,grace_period,F,25-34,365
2026-03-17,0,grace_period,F,35-44,92
2026-03-17,0,grace_period,F,45-54,38
2026-03-17,0,grace_period,F,55-64,49
2026-03-17,0,grace_period,F,65-74,29
2026-03-17,0,grace_period,F,75+,8
2026-03-17,0,grace_period,F,unknown,9
2026-03-17,0,grace_period,M,18-24,187
2026-03-17,0,grace_period,M,25-34,289
2026-03-17,0,grace_period,M,35-44,73
2026-03-17,0,grace_period,M,45-54,29
2026-03-17,0,grace_period,M,55-64,29
2026-03-17,0,grace_period,M,65-74,22
2026-03-17,0,grace_period,M,75+,13
2026-03-17,0,grace_period,M,unknown,7
2026-03-17,0,grace_period,O,18-24,8
2026-03-17,0,grace_period,O,25-34,11
2026-03-17,0,grace_period,O,35-44,3
2026-03-17,0,grace_period,O,55-64,1
2026-03-17,0,grace_period,O,unknown,1
2026-03-17,0,in_precinct,F,18-24,6089
2026-03-17,0,in_precinct,F,25-34,20804
2026-03-17,0,in_precinct,F,35-44,16955
2026-03-17,0,in_precinct,F,45-54,16018
2026-03-17,0,in_precinct,F,55-64,17181
2026-03-17,0,in_precinct,F,65-74,15916
2026-03-17,0,in_precinct,F,75+,10498
2026-03-17,0,in_precinct,F,unknown,188
2026-03-17,0,in_precinct,M,18-24,4070
2026-03-17,0,in_precinct,M,25-34,15515
2026-03-17,0,in_precinct,M,35-44,13971
2026-03-17,0,in_precinct,M,45-54,12180
2026-03-17,0,in_precinct,M,55-64,14593
2026-03-17,0,in_precinct,M,65-74,13037
2026-03-17,0,in_precinct,M,75+,7501
2026-03-17,0,in_precinct,M,unknown,143
2026-03-17,0,in_precinct,O,18-24,134
2026-03-17,0,in_precinct,O,25-34,483
2026-03-17,0,in_precinct,O,35-44,110
2026-03-17,0,in_precinct,O,45-54,24
2026-03-17,0,in_precinct,O,55-64,26
2026-03-17,0,in_precinct,O,65-74,19
2026-03-17,0,in_precinct,O,75+,7
2026-03-17,0,in_precinct,O,unknown,1
2026-03-17,0,mail,F,65-74,2
2026-03-17,0,mail,F,75+,2
2026-03-17,0,mail,M,18-24,1
2026-03-17,0,mail,M,75+,1
2026-03-17,0,mail,O,65-74,1
2026-03-17,0,provisional,F,18-24,10
2026-03-17,0,provisional,F,25-34,74
2026-03-17,0,provisional,F,35-44,96
2026-03-17,0,provisional,F,45-54,66
2026-03-17,0,provisional,F,55-64,43
2026-03-17,0,provisional,F,65-74,50
2026-03-17,0,provisional,F,75+,48
2026-03-17,0,provisional,M,18-24,12
2026-03-17,0,provisional,M,25-34,60
2026-03-17,0,provisional,M,35-44,85
2026-03-17,0,provisional,M,45-54,50
2026-03-17,0,provisional,M,55-64,44
2026-03-17,0,provisional,M,65-74,36
2026-03-17,0,provisional,M,75+,27
2026-03-17,0,provisional,O,35-44,2
2026-03-18,1,mail,F,25-34,3
2026-03-18,1,mail,F,35-44,3
2026-03-18,1,mail,F,45-54,1
2026-03-18,1,mail,F,55-64,1
2026-03-18,1,mail,F,65-74,1
2026-03-18,1,mail,M,25-34,1
2026-03-18,1,mail,M,35-44,2
2026-03-18,1,mail,M,45-54,1
2026-03-18,1,mail,M,55-64,5
2026-03-18,1,mail,O,35-44,1
2026-03-18,1,mail,O,75+,1
2026-03-19,2,mail,F,18-24,183
2026-03-19,2,mail,F,25-34,1323
2026-03-19,2,mail,F,35-44,1552
2026-03-19,2,mail,F,45-54,843
2026-03-19,2,mail,F,55-64,716
2026-03-19,2,mail,F,65-74,758
2026-03-19,2,mail,F,75+,774
2026-03-19,2,mail,M,18-24,138
2026-03-19,2,mail,M,25-34,844
2026-03-19,2,mail,M,35-44,1236
2026-03-19,2,mail,M,45-54,651
2026-03-19,2,mail,M,55-64,560
2026-03-19,2,mail,M,65-74,492
2026-03-19,2,mail,M,75+,367
2026-03-19,2,mail,O,18-24,1
2026-03-19,2,mail,O,25-34,14
2026-03-19,2,mail,O,35-44,6
2026-03-19,2,mail,O,45-54,1
2026-03-19,2,mail,O,65-74,3
2026-03-19,2,nursing_home,F,25-34,3
2026-03-19,2,nursing_home,F,35-44,16
2026-03-19,2,nursing_home,F,45-54,13
2026-03-19,2,nursing_home,F,55-64,50
2026-03-19,2,nursing_home,F,65-74,65
2026-03-19,2,nursing_home,F,75+,99
2026-03-19,2,nursing_home,M,25-34,3
2026-03-19,2,nursing_home,M,35-44,15
2026-03-19,2,nursing_home,M,45-54,21
2026-03-19,2,nursing_home,M,55-64,84
2026-03-19,2,nursing_home,M,65-74,111
2026-03-19,2,nursing_home,M,75+,66
2026-03-20,3,mail,F,18-24,245
2026-03-20,3,mail,F,25-34,2189
2026-03-20,3,mail,F,35-44,2360
2026-03-20,3,mail,F,45-54,1136
2026-03-20,3,mail,F,55-64,813
2026-03-20,3,mail,F,65-74,597
2026-03-20,3,mail,F,75+,556
2026-03-20,3,mail,F,unknown,2
2026-03-20,3,mail,M,18-24,133
2026-03-20,3,mail,M,25-34,1278
2026-03-20,3,mail,M,35-44,1888
2026-03-20,3,mail,M,45-54,805
2026-03-20,3,mail,M,55-64,520
2026-03-20,3,mail,M,65-74,339
2026-03-20,3,mail,M,75+,258
2026-03-20,3,mail,M,unknown,1
2026-03-20,3,mail,O,18-24,2
2026-03-20,3,mail,O,25-34,24
2026-03-20,3,mail,O,35-44,8
2026-03-20,3,mail,O,45-54,2
2026-03-20,3,mail,O,55-64,1
2026-03-21,4,mail,F,18-24,47
2026-03-21,4,mail,F,25-34,222
2026-03-21,4,mail,F,35-44,191
2026-03-21,4,mail,F,45-54,126
2026-03-21,4,mail,F,55-64,111
2026-03-21,4,mail,F,65-74,108
2026-03-21,4,mail,F,75+,137
2026-03-21,4,mail,M,18-24,27
2026-03-21,4,mail,M,25-34,113
2026-03-21,4,mail,M,35-44,172
2026-03-21,4,mail,M,45-54,121
2026-03-21,4,mail,M,55-64,86
2026-03-21,4,mail,M,65-74,82
2026-03-21,4,mail,M,75+,71
2026-03-21,4,mail,O,25-34,1
2026-03-21,4,mail,O,35-44,1
2026-03-21,4,mail,O,55-64,1
2026-03-21,4,mail,O,65-74,1
2026-03-22,5,mail,F,18-24,5
2026-03-22,5,mail,F,25-34,19
2026-03-22,5,mail,F,35-44,19
2026-03-22,5,mail,F,45-54,4
2026-03-22,5,mail,F,55-64,4
2026-03-22,5,mail,F,65-74,5
2026-03-22,5,mail,F,75+,7
2026-03-22,5,mail,M,18-24,1
2026-03-22,5,mail,M,25-34,7
2026-03-22,5,mail,M,35-44,10
2026-03-22,5,mail,M,45-54,6
2026-03-22,5,mail,M,55-64,3
2026-03-22,5,mail,M,65-74,4
2026-03-22,5,mail,M,75+,4
2026-03-23,6,mail,F,18-24,2
2026-03-23,6,mail,F,25-34,2
2026-03-23,6,mail,F,35-44,2
2026-03-23,6,mail,F,65-74,2
2026-03-23,6,mail,F,75+,2
2026-03-23,6,mail,M,25-34,1
2026-03-23,6,mail,O,25-34,1
2026-03-23,6,mail,O,55-64,1
2026-03-24,7,mail,F,18-24,5
2026-03-24,7,mail,F,25-34,32
2026-03-24,7,mail,F,35-44,45
2026-03-24,7,mail,F,45-54,25
2026-03-24,7,mail,F,55-64,20
2026-03-24,7,mail,F,65-74,22
2026-03-24,7,mail,F,75+,29
2026-03-24,7,mail,M,18-24,6
2026-03-24,7,mail,M,25-34,13
2026-03-24,7,mail,M,35-44,34
2026-03-24,7,mail,M,45-54,24
2026-03-24,7,mail,M,55-64,20
2026-03-24,7,mail,M,65-74,22
2026-03-24,7,mail,M,75+,26
2026-03-24,7,mail,O,18-24,1
2026-03-24,7,mail,O,25-34,1
2026-03-24,7,mail,O,35-44,1
2026-03-24,7,mail,O,45-54,1
2026-03-25,8,mail,F,18-24,2
2026-03-25,8,mail,F,25-34,4
2026-03-25,8,mail,F,35-44,2
2026-03-25,8,mail,F,55-64,2
2026-03-25,8,mail,F,65-74,1
2026-03-25,8,mail,M,18-24,1
2026-03-25,8,mail,M,65-74,1
2026-03-26,9,mail,F,18-24,1
2026-03-26,9,mail,F,25-34,3
2026-03-26,9,mail,F,45-54,5
2026-03-26,9,mail,F,55-64,3
2026-03-26,9,mail,F,65-74,2
2026-03-26,9,mail,M,25-34,5
2026-03-26,9,mail,M,35-44,1
2026-03-26,9,mail,M,45-54,4
2026-03-26,9,mail,M,55-64,1
2026-03-26,9,mail,M,65-74,1
2026-03-26,9,mail,M,75+,3
2026-03-26,9,mail,O,75+,1
2026-03-27,10,mail,F,25-34,1
2026-03-27,10,mail,F,35-44,1
2026-03-27,10,mail,F,45-54,1
2026-03-27,10,mail,F,65-74,1
2026-03-27,10,mail,F,75+,1
2026-03-27,10,mail,M,25-34,1
2026-03-27,10,mail,M,35-44,1
2026-03-27,10,mail,M,55-64,1
2026-03-27,10,mail,M,75+,2
2026-03-30,13,mail,F,25-34,3
2026-03-30,13,mail,F,35-44,2
2026-03-30,13,mail,F,45-54,1
2026-03-30,13,mail,F,55-64,2
2026-03-30,13,mail,M,35-44,1
2026-03-30,13,mail,M,55-64,2
2026-03-30,13,mail,O,55-64,1
2026-03-31,14,mail,F,25-34,7
2026-03-31,14,mail,F,35-44,3
2026-03-31,14,mail,F,45-54,1
2026-03-31,14,mail,F,55-64,5
2026-03-31,14,mail,F,65-74,1
2026-03-31,14,mail,F,75+,4
2026-03-31,14,mail,M,18-24,2
2026-03-31,14,mail,M,25-34,4
2026-03-31,14,mail,M,35-44,5
2026-03-31,14,mail,M,45-54,1
2026-03-31,14,mail,M,55-64,6
2026-03-31,14,mail,M,65-74,2
2026-03-31,14,mail,M,75+,4
