FOR UNITED STATES SENATOR (Vote For 1),,,,,,,,,,,,,,,,,,,,,,,,,,,,,,,,,,,,,,,,,,,,,,
,,KEVIN RYAN,,,,ROBIN KELLY,,,,JULIANA STRATTON,,,,RAJA KRISHNAMOORTHI,,,,STEVE BOTSFORD JR.,,,,BRYAN MAXWELL,,,,JONATHAN DEAN,,,,SEAN BROWN,,,,AWISI A. BUSTOS,,,,CHRISTOPHER SWANN,,,,ADAM DELGADO (WRITE-IN),,,,
Precinct,Registered Voters,Election Day,Early Voting,Vote by Mail,Total Votes,Election Day,Early Voting,Vote by Mail,Total Votes,Election Day,Early Voting,Vote by Mail,Total Votes,Election Day,Early Voting,Vote by Mail,Total Votes,Election Day,Early Voting,Vote by Mail,Total Votes,Election Day,Early Voting,Vote by Mail,Total Votes,Election Day,Early Voting,Vote by Mail,Total Votes,Election Day,Early Voting,Vote by Mail,Total Votes,Election Day,Early Voting,Vote by Mail,Total Votes,Election Day,Early Voting,Vote by Mail,Total Votes,Election Day,Early Voting,Vote by Mail,Total Votes,Total
CHANNAHON PCT 001,1465,2,0,3,5,11,2,2,15,32,9,10,51,23,10,12,45,0,0,0,0,0,0,0,0,0,0,0,0,1,0,0,1,0,0,0,0,0,0,0,0,0,0,0,0,117
CHANNAHON PCT 002,1849,6,2,1,9,16,7,8,31,53,9,12,74,41,16,29,86,0,0,0,0,0,0,0,0,1,0,0,1,1,0,0,1,1,0,0,1,2,0,0,2,0,0,0,0,205
CHANNAHON PCT 003,1602,7,0,3,10,16,3,9,28,32,4,12,48,25,14,17,56,0,0,0,0,3,0,0,3,1,0,0,1,0,0,0,0,0,0,0,0,0,0,1,1,0,0,0,0,147
CHANNAHON PCT 004,1236,6,0,1,7,19,4,2,25,26,7,3,36,26,10,21,57,0,0,0,0,1,0,0,1,1,1,0,2,1,0,0,1,0,0,0,0,0,0,0,0,0,0,0,0,129
CHANNAHON PCT 005,1663,3,4,0,7,12,2,3,17,32,6,8,46,23,11,8,42,0,0,0,0,0,0,1,1,0,1,0,1,0,0,0,0,0,0,0,0,1,1,1,3,0,0,0,0,117
CRETE PCT 001,1202,6,1,0,7,70,11,9,90,58,7,4,69,27,2,12,41,0,0,0,0,1,0,0,1,0,0,0,0,1,1,0,2,1,0,0,1,1,1,1,3,0,0,0,0,214
CRETE PCT 002,1394,3,2,2,7,32,7,8,47,38,3,4,45,30,3,16,49,0,0,0,0,1,0,1,2,0,0,0,0,0,0,0,0,1,0,0,1,0,0,0,0,0,0,0,0,151
CRETE PCT 003,1342,2,2,1,5,39,5,15,59,45,7,11,63,29,2,16,47,0,0,0,0,0,0,0,0,0,0,0,0,1,0,0,1,0,0,0,0,1,0,0,1,0,0,0,0,176
CRETE PCT 004,1360,3,0,1,4,83,13,26,122,70,7,21,98,21,8,30,59,0,0,0,0,1,0,1,2,1,0,0,1,1,0,0,1,0,0,0,0,1,0,0,1,0,0,0,0,288
CRETE PCT 005,1336,5,0,1,6,83,19,17,119,104,14,8,126,38,7,20,65,3,0,0,3,1,0,0,1,0,0,0,0,2,2,0,4,1,0,0,1,3,0,2,5,0,0,0,0,330
CRETE PCT 006,1286,2,0,1,3,56,17,25,98,44,12,14,70,16,8,25,49,0,0,0,0,0,0,0,0,0,0,0,0,0,0,0,0,0,0,0,0,0,0,2,2,0,0,0,0,222
CRETE PCT 007,1248,2,0,1,3,92,11,17,120,96,15,12,123,42,4,24,70,0,0,0,0,0,0,0,0,1,0,0,1,3,0,0,3,0,0,0,0,1,0,0,1,0,0,0,0,321
CRETE PCT 008,1427,3,1,0,4,73,12,19,104,58,13,2,73,23,9,6,38,2,0,0,2,0,0,1,1,0,0,0,0,0,0,0,0,2,0,1,3,1,0,0,1,0,0,0,0,226
CRETE PCT 009,1236,4,0,3,7,51,12,11,74,38,9,7,54,29,2,12,43,0,0,0,0,1,0,0,1,0,0,0,0,1,0,0,1,0,0,0,0,1,0,0,1,0,0,0,0,181
CRETE PCT 010,1065,5,4,0,9,21,4,3,28,21,3,4,28,16,4,29,49,0,0,0,0,0,0,0,0,0,0,0,0,0,0,0,0,0,0,0,0,0,0,0,0,0,0,0,0,114
CRETE PCT 011,1094,3,0,1,4,26,10,12,48,16,0,8,24,23,6,14,43,0,0,0,0,0,0,0,0,1,0,1,2,0,0,0,0,0,0,0,0,2,0,0,2,1,0,0,1,124
CRETE PCT 012,1026,3,0,1,4,45,8,3,56,57,4,5,66,13,2,12,27,1,0,0,1,1,0,0,1,1,1,0,2,0,0,0,0,0,0,0,0,1,0,1,2,0,0,0,0,159
CUSTER PCT 001,986,2,0,0,2,4,1,0,5,14,1,3,18,14,0,13,27,0,0,0,0,0,0,0,0,0,0,0,0,0,0,0,0,0,0,0,0,1,0,0,1,0,0,0,0,53
DUPAGE PCT 001,1633,4,1,3,8,20,5,5,30,83,24,23,130,50,29,41,120,1,0,0,1,0,0,0,0,3,1,1,5,2,0,0,2,1,0,0,1,0,0,1,1,0,0,0,0,298
DUPAGE PCT 002,1425,6,0,0,6,23,9,10,42,72,19,27,118,61,33,30,124,1,0,0,1,0,0,1,1,0,0,0,0,1,0,0,1,0,1,0,1,0,2,0,2,0,0,0,0,296
DUPAGE PCT 003,1479,2,3,2,7,15,11,3,29,67,28,32,127,70,22,10,102,2,0,0,2,3,0,1,4,2,0,0,2,0,0,0,0,0,0,0,0,0,0,0,0,0,0,0,0,273
DUPAGE PCT 004,1270,9,2,3,14,14,5,5,24,53,15,22,90,24,11,11,46,1,0,0,1,1,0,0,1,1,0,0,1,1,1,0,2,0,0,2,2,0,0,0,0,0,0,0,0,181
DUPAGE PCT 005,1133,10,1,2,13,27,9,7,43,66,21,11,98,30,23,20,73,5,0,0,5,0,1,0,1,0,0,1,1,1,1,0,2,0,0,1,1,0,0,1,1,0,0,0,0,238
DUPAGE PCT 006,1189,3,1,1,5,29,11,4,44,46,29,21,96,29,29,20,78,1,0,0,1,2,0,0,2,0,0,0,0,2,0,0,2,1,1,0,2,3,1,0,4,0,0,0,0,234
DUPAGE PCT 007,1380,8,3,4,15,15,5,8,28,55,20,20,95,43,13,29,85,1,0,0,1,1,1,0,2,1,0,0,1,0,2,0,2,0,0,0,0,2,0,0,2,1,0,0,1,232
DUPAGE PCT 008,1368,5,1,1,7,30,9,6,45,50,35,11,96,30,15,15,60,0,1,0,1,0,2,0,2,0,0,0,0,0,2,3,5,3,0,0,3,1,1,1,3,0,0,0,0,222
DUPAGE PCT 009,1182,3,3,2,8,14,13,4,31,56,24,19,99,22,16,5,43,1,0,0,1,1,0,0,1,1,0,0,1,1,0,0,1,0,0,0,0,2,0,0,2,0,0,0,0,187
DUPAGE PCT 010,1698,2,5,1,8,31,21,7,59,89,53,29,171,27,28,31,86,1,0,1,2,1,1,0,2,0,0,0,0,0,1,3,4,0,0,0,0,0,0,1,1,0,0,0,0,333
DUPAGE PCT 011,1481,2,1,1,4,16,13,3,32,61,41,24,126,25,42,20,87,1,0,1,2,2,0,1,3,0,0,1,1,1,2,0,3,2,0,0,2,0,0,0,0,0,0,0,0,260
DUPAGE PCT 012,1321,1,1,0,2,14,9,5,28,59,31,19,109,18,21,30,69,0,0,0,0,0,0,1,1,0,0,1,1,1,0,2,3,0,0,0,0,0,0,0,0,0,0,0,0,213
DUPAGE PCT 013,1651,5,3,1,9,16,16,3,35,75,35,18,128,12,28,33,73,0,1,0,1,0,2,1,3,0,2,0,2,0,1,0,1,0,0,0,0,1,1,1,3,0,0,0,0,255
DUPAGE PCT 014,1500,3,3,1,7,36,27,8,71,54,36,16,106,23,23,28,74,0,0,0,0,0,2,0,2,3,1,0,4,2,2,0,4,2,1,4,7,4,0,0,4,0,0,0,0,279
DUPAGE PCT 015,1538,3,5,4,12,22,10,8,40,71,35,18,124,30,14,30,74,2,0,1,3,1,2,2,5,0,2,0,2,2,0,0,2,1,0,0,1,1,0,0,1,0,0,0,0,264
DUPAGE PCT 016,1408,6,4,2,12,27,18,14,59,54,35,14,103,39,12,32,83,1,0,0,1,0,3,0,3,1,0,0,1,5,0,0,5,1,1,0,2,0,0,1,1,0,0,0,0,270
DUPAGE PCT 017,1740,5,2,2,9,26,18,7,51,61,50,21,132,32,25,19,76,0,1,0,1,4,0,1,5,0,2,0,2,2,0,0,2,1,0,1,2,0,0,0,0,0,0,0,0,280
DUPAGE PCT 018,1459,8,4,0,12,15,11,5,31,52,33,10,95,20,26,26,72,1,0,0,1,6,0,0,6,1,0,0,1,3,1,1,5,0,1,0,1,0,0,0,0,0,0,0,0,224
DUPAGE PCT 019,1440,3,3,0,6,16,17,4,37,57,36,10,103,19,26,8,53,0,0,0,0,4,1,0,5,1,0,0,1,2,1,0,3,0,0,0,0,0,3,1,4,0,0,0,0,212
DUPAGE PCT 020,1342,8,4,3,15,14,13,3,30,32,22,16,70,12,20,20,52,0,1,0,1,2,0,0,2,2,1,0,3,0,0,0,0,0,0,1,1,1,0,0,1,0,0,0,0,175
DUPAGE PCT 021,1619,3,5,0,8,22,23,4,49,78,24,13,115,20,15,16,51,0,0,0,0,5,0,0,5,0,0,1,1,0,1,2,3,0,0,0,0,1,0,0,1,0,0,0,0,233
DUPAGE PCT 022,1708,5,1,0,6,27,14,2,43,83,41,13,137,38,10,12,60,0,0,1,1,2,1,0,3,0,0,0,0,1,0,0,1,1,4,2,7,2,0,0,2,0,0,0,0,260
DUPAGE PCT 023,1895,2,0,3,5,27,8,4,39,93,32,26,151,19,17,15,51,0,0,0,0,0,0,0,0,0,0,0,0,3,0,0,3,0,0,2,2,1,0,1,2,0,0,0,0,253
DUPAGE PCT 024,1464,2,3,2,7,20,11,5,36,49,33,17,99,32,33,23,88,1,0,0,1,1,3,0,4,2,1,2,5,1,0,0,1,1,0,0,1,0,0,1,1,0,0,0,0,243
DUPAGE PCT 025,1271,5,3,1,9,20,18,7,45,50,35,14,99,28,18,17,63,0,0,1,1,3,0,1,4,1,0,0,1,0,0,1,1,2,0,1,3,1,0,0,1,0,0,0,0,227
DUPAGE PCT 026,1312,5,2,1,8,20,8,2,30,43,20,6,69,29,19,8,56,3,0,0,3,2,0,0,2,0,0,2,2,1,0,0,1,1,0,0,1,0,2,0,2,0,0,0,0,174
DUPAGE PCT 027,1580,3,1,0,4,28,20,15,63,50,43,18,111,30,25,17,72,0,0,0,0,2,0,4,6,0,0,0,0,1,1,2,4,0,0,0,0,1,0,1,2,0,0,0,0,262
DUPAGE PCT 028,1679,4,1,2,7,12,13,6,31,69,31,10,110,22,14,23,59,2,0,1,3,0,0,0,0,1,0,0,1,2,2,0,4,2,1,1,4,4,0,1,5,0,0,0,0,224
DUPAGE PCT 029,1749,9,1,1,11,45,8,4,57,110,24,17,151,33,8,16,57,0,1,0,1,0,0,0,0,1,0,0,1,2,1,0,3,2,0,0,2,1,0,1,2,0,0,0,0,285
DUPAGE PCT 030,1367,4,1,3,8,24,27,8,59,60,40,11,111,29,19,14,62,1,1,0,2,3,1,0,4,0,4,1,5,3,2,0,5,0,1,0,1,2,0,0,2,0,0,0,0,259
DUPAGE PCT 031,880,2,1,0,3,7,8,2,17,47,19,6,72,17,5,9,31,0,0,1,1,0,0,0,0,0,0,0,0,0,0,0,0,0,0,0,0,0,1,0,1,0,0,0,0,125
DUPAGE PCT 032,1946,12,0,2,14,20,9,2,31,53,14,8,75,37,7,19,63,2,0,0,2,1,0,0,1,0,0,0,0,1,1,0,2,0,0,0,0,1,0,0,1,0,0,0,0,189
DUPAGE PCT 033,1520,5,1,1,7,14,5,2,21,50,16,12,78,30,12,18,60,2,0,1,3,1,1,0,2,1,0,1,2,2,0,0,2,2,0,1,3,1,0,0,1,0,0,0,0,179
DUPAGE PCT 034,996,12,3,1,16,16,3,7,26,47,6,12,65,85,10,48,143,2,0,0,2,0,0,0,0,0,0,0,0,0,0,1,1,1,0,0,1,0,0,0,0,0,0,0,0,254
DUPAGE PCT 035,1242,5,2,0,7,12,5,1,18,36,10,3,49,10,6,8,24,0,0,0,0,0,2,0,2,1,0,0,1,1,2,0,3,0,0,0,0,0,0,0,0,0,0,0,0,104
DUPAGE PCT 036,1946,5,1,3,9,20,8,2,30,82,22,17,121,29,14,17,60,0,0,0,0,1,0,0,1,2,0,0,2,1,0,0,1,1,0,1,2,0,0,1,1,0,0,0,0,227
DUPAGE PCT 037,1454,9,2,1,12,8,3,2,13,54,11,2,67,29,12,6,47,2,0,0,2,1,0,0,1,1,0,0,1,1,0,0,1,0,0,0,0,0,0,0,0,0,0,0,0,144
FLORENCE PCT 001,685,1,0,2,3,4,1,4,9,14,2,4,20,12,1,4,17,0,0,0,0,0,0,0,0,0,0,0,0,0,0,0,0,0,0,0,0,0,0,0,0,0,0,0,0,49
FRANKFORT PCT 001,1978,9,3,3,15,20,2,5,27,57,10,12,79,40,9,24,73,2,0,0,2,0,0,0,0,0,0,0,0,0,0,1,1,0,0,0,0,0,0,0,0,0,0,0,0,197
FRANKFORT PCT 002,1514,4,2,1,7,13,10,11,34,37,9,21,67,29,35,26,90,0,1,0,1,0,0,0,0,0,0,0,0,0,0,0,0,0,0,0,0,0,0,0,0,0,0,0,0,199
FRANKFORT PCT 003,1691,3,0,0,3,17,4,1,22,65,12,14,91,40,4,30,74,0,0,0,0,0,0,2,2,1,0,0,1,2,0,1,3,0,0,0,0,1,0,0,1,0,0,0,0,197
FRANKFORT PCT 004,1428,3,3,2,8,27,5,6,38,40,2,12,54,28,13,17,58,0,0,1,1,1,0,0,1,0,1,0,1,0,0,0,0,0,0,0,0,1,0,1,2,0,0,0,0,163
FRANKFORT PCT 005,2045,5,4,2,11,26,6,7,39,52,13,12,77,27,17,24,68,0,0,0,0,1,0,0,1,0,0,0,0,0,0,0,0,0,0,0,0,0,1,0,1,0,0,0,0,197
FRANKFORT PCT 006,1412,8,4,1,13,20,7,4,31,51,9,6,66,29,9,18,56,0,0,0,0,0,0,0,0,1,0,0,1,0,0,0,0,0,0,0,0,3,0,0,3,0,0,0,0,170
FRANKFORT PCT 007,1338,8,2,4,14,9,4,7,20,38,11,10,59,21,15,25,61,0,0,0,0,2,0,0,2,0,0,0,0,0,1,0,1,1,0,0,1,0,0,0,0,0,0,0,0,158
FRANKFORT PCT 008,1391,4,1,1,6,13,3,2,18,21,6,6,33,21,10,19,50,0,0,0,0,2,0,0,2,1,0,0,1,2,0,0,2,0,0,0,0,1,0,0,1,0,0,0,0,113
FRANKFORT PCT 009,1475,9,1,3,13,18,2,13,33,18,5,17,40,28,15,19,62,0,0,0,0,2,0,0,2,0,0,2,2,0,0,0,0,0,0,0,0,0,0,3,3,0,0,0,0,155
FRANKFORT PCT 010,1483,3,2,2,7,26,8,4,38,34,10,12,56,20,8,34,62,0,0,0,0,1,0,0,1,1,0,0,1,3,0,0,3,0,0,0,0,0,0,0,0,0,0,0,0,168
FRANKFORT PCT 011,1504,2,1,7,10,9,11,6,26,38,7,10,55,18,1,17,36,0,0,0,0,1,0,1,2,1,0,0,1,1,0,0,1,0,0,0,0,0,0,0,0,0,0,0,0,131
FRANKFORT PCT 012,1161,7,1,2,10,15,6,0,21,48,11,6,65,33,24,18,75,2,0,0,2,0,0,0,0,0,0,0,0,0,1,1,2,0,0,0,0,0,0,2,2,0,0,0,0,177
FRANKFORT PCT 013,1215,5,1,3,9,11,6,3,20,38,3,5,46,36,11,19,66,0,0,0,0,0,0,0,0,0,0,1,1,0,0,1,1,1,0,0,1,1,0,1,2,0,0,0,0,146
FRANKFORT PCT 014,1428,5,2,0,7,16,6,2,24,40,3,11,54,33,7,7,47,0,0,0,0,1,0,0,1,1,0,1,2,2,0,1,3,0,0,1,1,1,0,0,1,0,0,0,0,140
FRANKFORT PCT 015,1828,7,1,1,9,20,7,5,32,42,11,10,63,33,21,36,90,0,0,0,0,2,0,0,2,1,0,0,1,1,0,0,1,0,0,0,0,4,0,0,4,0,0,0,0,202
FRANKFORT PCT 016,1618,9,0,3,12,42,20,8,70,56,14,20,90,43,23,24,90,0,0,1,1,1,0,0,1,1,0,0,1,1,0,0,1,0,1,0,1,0,0,0,0,0,0,0,0,267
FRANKFORT PCT 017,1914,9,1,0,10,31,0,8,39,40,3,11,54,36,17,25,78,1,0,0,1,0,0,0,0,0,0,0,0,0,1,0,1,0,0,0,0,0,0,0,0,0,0,0,0,183
FRANKFORT PCT 018,1497,7,0,6,13,25,2,5,32,57,1,9,67,27,12,14,53,0,0,0,0,0,0,2,2,0,0,0,0,0,0,0,0,0,0,0,0,0,0,0,0,0,0,0,0,167
FRANKFORT PCT 019,1667,9,0,4,13,24,11,4,39,54,6,14,74,26,8,21,55,1,0,0,1,0,0,0,0,2,0,0,2,1,0,0,1,1,0,0,1,3,0,1,4,0,0,0,0,190
FRANKFORT PCT 020,1450,5,0,2,7,19,4,6,29,37,10,14,61,15,5,12,32,0,0,0,0,1,0,0,1,1,0,0,1,0,0,0,0,0,0,0,0,0,0,0,0,0,0,0,0,131
FRANKFORT PCT 021,1807,10,3,1,14,42,7,11,60,62,19,13,94,50,22,18,90,1,0,0,1,0,0,0,0,1,0,1,2,0,0,0,0,0,0,0,0,2,0,0,2,0,0,0,0,263
FRANKFORT PCT 022,1475,3,1,2,6,17,12,10,39,35,13,16,64,38,23,48,109,0,0,0,0,0,0,1,1,0,0,0,0,0,0,0,0,0,0,0,0,0,0,0,0,0,0,0,0,219
FRANKFORT PCT 023,1335,4,0,1,5,18,4,6,28,32,11,5,48,20,9,9,38,0,0,0,0,1,0,0,1,1,0,0,1,0,1,0,1,0,0,0,0,0,0,0,0,0,0,0,0,122
FRANKFORT PCT 024,1369,4,2,3,9,46,23,12,81,47,17,17,81,45,15,21,81,1,1,0,2,1,0,1,2,0,0,0,0,1,0,0,1,1,1,0,2,0,3,0,3,0,0,0,0,262
FRANKFORT PCT 025,1248,1,1,0,2,16,9,2,27,46,7,7,60,30,26,20,76,1,0,0,1,0,0,0,0,0,2,0,2,0,0,0,0,0,0,0,0,1,0,0,1,0,0,0,0,169
FRANKFORT PCT 026,1561,9,4,1,14,39,17,11,67,65,25,18,108,27,13,22,62,0,2,0,2,0,0,0,0,2,0,0,2,0,0,0,0,0,0,0,0,0,0,0,0,0,0,0,0,255
FRANKFORT PCT 027,1475,5,1,1,7,21,3,6,30,37,12,8,57,26,12,11,49,0,0,0,0,2,0,0,2,0,0,0,0,2,0,0,2,0,0,0,0,3,0,0,3,0,0,0,0,150
FRANKFORT PCT 028,2180,2,1,1,4,52,12,17,81,97,27,8,132,46,9,33,88,1,0,1,2,0,0,1,1,0,0,0,0,0,0,0,0,1,0,1,2,1,0,0,1,0,0,0,0,311
GREEN GARDEN PCT 001,1541,1,0,0,1,19,8,2,29,26,8,9,43,33,10,19,62,0,1,0,1,1,0,0,1,0,0,0,0,0,0,0,0,0,0,0,0,1,0,0,1,0,0,0,0,138
GREEN GARDEN PCT 002,1610,6,0,2,8,13,9,8,30,38,3,11,52,28,4,11,43,0,0,0,0,1,0,0,1,0,0,0,0,0,2,0,2,0,0,0,0,1,2,0,3,0,0,0,0,139
HOMER PCT 001,1559,0,2,2,4,8,3,5,16,23,2,7,32,22,5,12,39,0,0,0,0,2,0,1,3,2,0,0,2,0,0,0,0,0,0,0,0,2,0,0,2,0,0,0,0,98
HOMER PCT 002,1638,1,2,3,6,8,4,3,15,26,4,15,45,17,11,21,49,0,0,0,0,2,0,0,2,0,0,1,1,0,1,0,1,0,0,0,0,0,0,0,0,0,0,0,0,119
HOMER PCT 003,1309,5,1,2,8,9,2,4,15,28,7,5,40,20,9,23,52,1,0,0,1,1,0,0,1,1,0,0,1,0,0,0,0,0,1,0,1,0,0,0,0,0,0,0,0,119
HOMER PCT 004,1494,8,5,0,13,11,1,4,16,26,8,4,38,17,14,16,47,0,0,0,0,0,0,0,0,0,0,0,0,0,1,0,1,0,0,0,0,0,0,0,0,0,0,0,0,115
HOMER PCT 005,1149,5,0,1,6,5,4,1,10,18,1,5,24,18,6,14,38,0,0,0,0,0,0,0,0,0,0,0,0,0,0,0,0,2,0,0,2,1,0,0,1,0,0,0,0,81
HOMER PCT 006,1480,10,2,0,12,16,4,7,27,19,12,11,42,15,16,24,55,0,0,0,0,0,0,0,0,0,0,0,0,0,0,0,0,0,0,0,0,1,0,0,1,0,1,0,1,138
HOMER PCT 007,1457,8,4,2,14,14,2,3,19,41,5,9,55,20,9,23,52,1,0,0,1,0,1,0,1,1,0,0,1,0,0,0,0,0,0,0,0,0,0,0,0,0,0,0,0,143
HOMER PCT 008,1425,4,0,0,4,14,1,3,18,18,5,11,34,20,13,23,56,1,0,0,1,0,0,0,0,0,0,0,0,0,1,0,1,0,0,0,0,1,0,0,1,0,0,0,0,115
HOMER PCT 009,1201,5,0,3,8,13,5,0,18,18,5,11,34,16,6,15,37,0,0,0,0,1,0,0,1,0,0,0,0,0,0,0,0,0,0,1,1,0,0,0,0,0,0,0,0,99
HOMER PCT 010,1024,2,0,1,3,8,1,3,12,17,4,5,26,26,3,19,48,1,0,0,1,1,0,0,1,1,0,0,1,0,0,0,0,0,0,0,0,0,0,0,0,0,0,0,0,92
HOMER PCT 011,1483,7,3,0,10,3,1,2,6,25,17,6,48,28,9,20,57,0,0,0,0,0,0,0,0,0,0,0,0,0,0,0,0,0,0,0,0,0,0,0,0,0,0,0,0,121
HOMER PCT 012,1548,0,0,0,0,12,1,1,14,21,5,8,34,20,13,13,46,0,0,0,0,0,0,0,0,0,0,0,0,0,0,0,0,0,0,1,1,0,0,0,0,0,0,0,0,95
HOMER PCT 013,1745,1,2,0,3,5,3,4,12,36,11,14,61,18,7,19,44,1,0,0,1,1,0,0,1,2,0,0,2,0,1,0,1,0,0,0,0,0,0,0,0,0,0,0,0,125
HOMER PCT 014,1590,4,1,1,6,11,5,2,18,36,7,10,53,21,11,16,48,0,0,0,0,0,1,0,1,0,0,0,0,0,0,0,0,0,0,1,1,2,0,0,2,0,0,0,0,129
HOMER PCT 015,1921,6,4,0,10,10,8,5,23,50,16,10,76,31,11,28,70,0,0,1,1,1,1,0,2,1,0,1,2,0,0,0,0,1,0,2,3,0,0,0,0,0,0,0,0,187
HOMER PCT 016,2262,11,1,2,14,22,6,3,31,44,13,24,81,33,11,24,68,0,1,1,2,2,0,2,4,0,0,0,0,0,0,1,1,0,1,0,1,0,0,0,0,0,0,0,0,202
HOMER PCT 017,1577,0,0,0,0,13,1,11,25,17,4,5,26,18,8,17,43,0,0,0,0,1,0,1,2,0,0,0,0,0,0,0,0,0,0,0,0,0,0,0,0,0,0,0,0,96
HOMER PCT 018,2061,8,3,3,14,16,4,4,24,57,10,22,89,33,14,13,60,0,1,0,1,2,0,0,2,1,0,0,1,3,0,1,4,0,0,0,0,1,0,0,1,0,0,0,0,196
HOMER PCT 019,1712,8,0,0,8,15,6,2,23,43,12,10,65,31,8,24,63,0,0,1,1,1,0,1,2,1,0,0,1,0,0,0,0,0,0,0,0,3,0,1,4,0,0,0,0,167
JACKSON PCT 001,1653,3,1,1,5,17,7,1,25,55,7,15,77,30,10,14,54,1,0,0,1,3,0,0,3,2,0,1,3,0,0,0,0,0,0,2,2,2,1,0,3,0,0,0,0,173
JACKSON PCT 002,1359,3,1,0,4,15,3,1,19,27,4,3,34,44,15,25,84,1,0,0,1,0,0,0,0,2,0,0,2,0,0,0,0,0,0,0,0,0,1,0,1,0,0,0,0,145
JOLIET PCT 001,1381,2,1,0,3,16,5,5,26,57,11,17,85,29,8,16,53,1,0,0,1,1,0,0,1,0,0,0,0,1,2,1,4,0,0,0,0,0,0,0,0,0,0,0,0,173
JOLIET PCT 002,1221,3,0,1,4,14,4,3,21,47,9,13,69,38,8,12,58,0,0,0,0,0,0,0,0,0,0,0,0,1,1,1,3,0,0,0,0,0,0,0,0,0,0,0,0,155
JOLIET PCT 003,1213,4,1,0,5,8,0,0,8,45,5,10,60,17,6,11,34,0,0,0,0,1,0,0,1,0,0,0,0,0,0,0,0,1,0,0,1,4,0,0,4,0,0,0,0,113
JOLIET PCT 004,1252,1,2,0,3,15,2,2,19,35,11,5,51,13,1,9,23,0,0,0,0,0,2,0,2,1,0,0,1,1,0,0,1,1,0,0,1,1,0,0,1,0,0,0,0,102
JOLIET PCT 005,866,2,3,0,5,2,5,2,9,30,11,5,46,7,7,6,20,2,0,0,2,0,0,0,0,2,0,0,2,2,3,0,5,1,0,0,1,0,0,0,0,0,0,0,0,90
JOLIET PCT 006,943,4,1,1,6,8,6,0,14,58,23,11,92,5,7,6,18,0,0,0,0,1,0,1,2,0,0,0,0,0,2,0,2,1,0,1,2,2,1,0,3,0,0,0,0,139
JOLIET PCT 007,1132,2,4,1,7,27,7,3,37,71,18,16,105,19,7,19,45,0,0,0,0,2,0,0,2,0,0,0,0,4,1,1,6,0,0,0,0,1,1,1,3,0,0,0,0,205
JOLIET PCT 008,1090,10,0,1,11,17,4,3,24,30,12,11,53,13,3,15,31,0,0,1,1,5,0,0,5,1,0,0,1,1,0,0,1,0,0,0,0,0,0,0,0,0,0,0,0,127
JOLIET PCT 009,1835,10,1,3,14,13,4,14,31,50,14,16,80,28,8,23,59,1,0,0,1,0,0,4,4,0,0,1,1,1,1,0,2,3,1,0,4,1,0,0,1,0,0,0,0,197
JOLIET PCT 010,1390,6,1,1,8,14,3,4,21,50,7,6,63,35,8,29,72,0,0,0,0,2,1,0,3,0,0,0,0,2,0,0,2,0,0,0,0,0,0,0,0,0,0,0,0,169
JOLIET PCT 011,1341,7,3,1,11,19,11,4,34,55,19,5,79,20,9,10,39,2,0,0,2,0,3,0,3,0,0,0,0,0,0,0,0,2,0,0,2,0,0,1,1,0,0,0,0,171
JOLIET PCT 012,1215,7,3,1,11,13,3,1,17,62,10,9,81,11,2,6,19,0,0,0,0,1,0,0,1,1,1,0,2,2,1,0,3,2,0,0,2,0,0,0,0,0,0,0,0,136
JOLIET PCT 013,1120,0,0,1,1,14,5,2,21,46,15,7,68,21,10,7,38,1,0,0,1,2,0,0,2,0,0,0,0,1,1,0,2,1,1,0,2,0,0,0,0,0,0,0,0,135
JOLIET PCT 014,1158,8,0,0,8,9,4,1,14,55,11,9,75,23,3,5,31,1,0,1,2,1,0,0,1,1,0,0,1,1,0,0,1,3,0,0,3,0,0,0,0,0,0,0,0,136
JOLIET PCT 015,1243,2,2,0,4,3,3,2,8,55,10,6,71,19,8,13,40,0,0,0,0,1,0,0,1,0,0,0,0,0,0,0,0,0,1,0,1,0,0,0,0,0,0,0,0,125
JOLIET PCT 016,1209,5,1,0,6,21,13,9,43,72,22,10,104,19,2,6,27,0,0,0,0,2,0,0,2,0,0,0,0,1,0,0,1,2,1,0,3,0,0,0,0,0,0,0,0,186
JOLIET PCT 017,1305,5,3,2,10,14,7,4,25,41,15,14,70,43,11,20,74,0,0,0,0,2,0,1,3,0,0,1,1,1,0,0,1,2,0,0,2,3,0,0,3,0,0,0,0,189
JOLIET PCT 018,1359,6,3,3,12,18,8,3,29,65,26,13,104,42,16,36,94,0,0,1,1,1,1,0,2,1,0,1,2,0,0,0,0,3,0,0,3,0,0,0,0,0,0,0,0,247
JOLIET PCT 019,1172,5,4,5,14,18,3,1,22,63,17,16,96,28,14,13,55,1,0,0,1,0,1,0,1,1,0,0,1,0,0,0,0,0,0,0,0,0,1,0,1,0,0,0,0,191
JOLIET PCT 020,1128,5,3,0,8,16,0,3,19,47,12,17,76,29,15,18,62,0,0,0,0,1,0,0,1,0,0,0,0,1,0,0,1,1,0,1,2,0,0,0,0,0,0,0,0,169
JOLIET PCT 021,677,2,0,0,2,9,2,1,12,23,3,3,29,14,5,3,22,0,0,0,0,0,0,0,0,1,0,0,1,1,0,0,1,0,0,0,0,0,0,2,2,0,0,0,0,69
JOLIET PCT 022,1038,4,1,0,5,18,4,1,23,44,14,5,63,15,4,9,28,0,0,0,0,1,0,0,1,1,1,0,2,2,0,0,2,0,0,1,1,0,0,0,0,0,0,0,0,125
JOLIET PCT 023,990,1,0,2,3,11,3,0,14,21,12,11,44,6,8,9,23,0,0,0,0,1,0,0,1,1,0,0,1,1,1,0,2,1,0,0,1,0,0,0,0,0,0,0,0,89
JOLIET PCT 024,1101,5,0,4,9,11,5,3,19,33,14,7,54,13,5,11,29,1,0,0,1,2,0,1,3,0,0,0,0,3,0,2,5,2,0,0,2,0,0,0,0,0,0,0,0,122
JOLIET PCT 025,920,4,2,3,9,5,4,4,13,32,11,9,52,18,6,20,44,0,0,0,0,0,0,1,1,0,0,1,1,1,0,0,1,0,0,0,0,1,0,1,2,0,0,0,0,123
JOLIET PCT 026,1197,7,1,3,11,14,5,3,22,48,8,16,72,22,8,12,42,0,0,1,1,0,0,0,0,0,0,0,0,2,0,0,2,0,0,0,0,0,1,0,1,0,0,0,0,151
JOLIET PCT 027,878,2,0,2,4,8,5,1,14,27,12,2,41,9,4,4,17,2,0,0,2,2,0,0,2,0,0,0,0,1,1,0,2,0,1,0,1,2,1,0,3,0,0,0,0,86
JOLIET PCT 028,881,2,0,0,2,14,9,5,28,39,13,9,61,11,4,0,15,0,0,0,0,0,0,0,0,0,0,0,0,2,1,0,3,2,0,0,2,0,0,0,0,0,0,0,0,111
JOLIET PCT 029,1204,2,0,1,3,7,5,2,14,43,17,9,69,10,4,9,23,0,0,0,0,1,0,0,1,0,1,0,1,3,0,0,3,1,0,0,1,0,1,0,1,0,0,0,0,116
JOLIET PCT 030,1203,7,3,0,10,16,0,2,18,53,6,9,68,17,5,17,39,1,1,0,2,1,0,0,1,0,0,0,0,1,0,0,1,1,0,0,1,0,1,1,2,0,0,0,0,142
JOLIET PCT 031,1204,3,0,1,4,7,5,2,14,35,15,12,62,19,5,12,36,0,0,0,0,1,0,0,1,0,0,0,0,2,0,0,2,2,1,0,3,1,0,0,1,0,0,0,0,123
JOLIET PCT 032,898,6,0,1,7,24,7,2,33,36,17,8,61,9,4,13,26,0,0,0,0,1,0,0,1,0,0,0,0,1,0,0,1,0,0,0,0,0,0,0,0,0,0,0,0,129
JOLIET PCT 033,1088,5,2,0,7,8,2,1,11,32,5,10,47,15,3,2,20,0,0,0,0,0,0,1,1,2,0,0,2,1,0,0,1,0,0,0,0,0,0,0,0,0,0,0,0,89
JOLIET PCT 034,977,4,3,3,10,16,9,3,28,39,23,12,74,14,2,8,24,0,0,0,0,2,0,1,3,1,0,0,1,4,1,0,5,0,0,0,0,0,1,0,1,0,0,0,0,146
JOLIET PCT 035,1102,6,3,0,9,15,14,5,34,46,22,20,88,13,14,21,48,0,1,1,2,0,0,1,1,0,0,0,0,0,0,0,0,0,0,1,1,0,0,0,0,0,0,0,0,183
JOLIET PCT 036,949,0,2,0,2,9,13,2,24,50,25,19,94,14,9,9,32,0,0,0,0,1,2,1,4,2,0,0,2,1,2,1,4,0,0,0,0,0,0,0,0,0,0,0,0,162
JOLIET PCT 037,1243,3,5,1,9,9,12,11,32,40,23,11,74,27,7,16,50,0,0,0,0,0,0,0,0,0,0,0,0,1,0,1,2,0,0,0,0,2,0,0,2,0,0,0,0,169
LOCKPORT PCT 001,1800,13,4,3,20,39,6,11,56,99,26,19,144,106,26,115,247,1,0,0,1,0,0,0,0,0,0,0,0,1,0,1,2,0,0,0,0,1,0,0,1,0,0,0,0,471
LOCKPORT PCT 002,1828,7,3,1,11,21,4,1,26,84,13,5,102,19,12,15,46,0,0,0,0,2,0,0,2,1,0,0,1,2,1,0,3,2,1,1,4,0,0,1,1,0,0,0,0,196
LOCKPORT PCT 003,1692,4,2,7,13,15,4,2,21,66,13,11,90,32,5,16,53,0,0,0,0,0,0,0,0,0,0,0,0,0,0,0,0,3,0,0,3,0,0,1,1,0,0,0,0,181
LOCKPORT PCT 004,1434,2,2,4,8,17,3,2,22,51,9,14,74,19,3,24,46,1,0,0,1,0,0,0,0,0,0,0,0,1,1,0,2,1,0,0,1,0,0,0,0,0,0,0,0,154
LOCKPORT PCT 005,1418,4,7,3,14,16,3,6,25,34,8,6,48,18,13,22,53,0,0,0,0,0,0,0,0,2,0,0,2,1,0,0,1,0,0,0,0,1,0,0,1,0,0,0,0,144
LOCKPORT PCT 006,2015,6,0,1,7,23,5,6,34,70,8,22,100,30,2,20,52,0,0,0,0,1,0,0,1,0,0,0,0,0,0,0,0,3,0,1,4,1,0,0,1,0,0,0,0,199
LOCKPORT PCT 007,1939,5,4,1,10,27,4,3,34,108,15,19,142,44,3,10,57,1,0,0,1,3,0,0,3,0,0,0,0,1,0,0,1,2,0,1,3,1,0,0,1,0,0,0,0,252
LOCKPORT PCT 008,1626,4,2,2,8,24,8,1,33,66,26,14,106,30,10,4,44,0,1,0,1,1,1,0,2,2,0,2,4,1,0,1,2,1,0,0,1,0,0,1,1,0,0,0,0,202
LOCKPORT PCT 009,2131,6,0,4,10,41,5,4,50,101,16,20,137,83,14,69,166,0,0,1,1,0,0,1,1,0,0,1,1,1,0,0,1,1,0,0,1,1,0,0,1,0,0,0,0,369
LOCKPORT PCT 010,1496,4,1,2,7,14,3,2,19,47,10,9,66,24,6,18,48,0,0,0,0,0,0,0,0,0,0,0,0,1,0,0,1,0,0,0,0,0,0,0,0,0,0,0,0,141
LOCKPORT PCT 011,1439,5,2,7,14,12,7,3,22,35,12,6,53,22,19,26,67,0,0,0,0,1,0,0,1,1,0,0,1,0,1,0,1,0,0,0,0,1,0,0,1,0,0,0,0,160
LOCKPORT PCT 012,1553,5,3,0,8,22,5,4,31,32,7,11,50,25,17,14,56,0,0,0,0,2,0,0,2,0,0,0,0,0,0,0,0,0,0,0,0,0,1,0,1,0,0,0,0,148
LOCKPORT PCT 013,1926,8,0,3,11,38,7,13,58,86,19,20,125,129,48,93,270,2,0,1,3,1,0,0,1,0,0,1,1,2,0,0,2,0,0,0,0,1,0,0,1,0,0,0,0,472
LOCKPORT PCT 014,1371,6,1,1,8,14,2,5,21,58,3,10,71,34,6,19,59,0,0,0,0,2,0,0,2,0,0,0,0,1,0,0,1,2,0,0,2,0,0,0,0,0,0,0,0,164
LOCKPORT PCT 015,1356,3,1,1,5,14,1,1,16,54,7,3,64,42,2,8,52,0,0,0,0,1,0,0,1,0,0,0,0,1,0,0,1,0,0,0,0,2,0,0,2,0,0,0,0,141
LOCKPORT PCT 016,1521,9,3,3,15,17,6,5,28,46,17,18,81,26,17,10,53,0,0,0,0,1,0,0,1,2,0,0,2,1,1,0,2,0,0,0,0,1,0,0,1,0,0,0,0,183
LOCKPORT PCT 017,1431,10,4,4,18,11,3,4,18,47,16,9,72,35,17,25,77,0,0,0,0,1,0,1,2,0,0,0,0,0,0,1,1,0,0,0,0,0,0,0,0,0,0,0,0,188
LOCKPORT PCT 018,1635,7,0,2,9,10,3,6,19,43,19,16,78,22,8,21,51,0,0,0,0,1,1,1,3,0,0,0,0,0,0,0,0,0,0,0,0,3,0,0,3,0,0,0,0,163
LOCKPORT PCT 019,1526,12,3,3,18,21,10,7,38,42,27,9,78,56,42,44,142,0,1,0,1,1,0,0,1,0,0,0,0,2,0,0,2,1,0,1,2,0,0,0,0,0,0,0,0,282
LOCKPORT PCT 020,1180,4,0,0,4,11,1,5,17,48,13,9,70,30,14,21,65,0,0,0,0,1,1,0,2,0,0,0,0,1,0,1,2,1,0,0,1,2,0,0,2,0,0,0,0,163
LOCKPORT PCT 021,1351,4,0,0,4,14,4,1,19,39,16,9,64,22,7,15,44,0,0,0,0,0,1,0,1,0,0,0,0,2,0,0,2,1,0,1,2,0,0,0,0,0,0,0,0,136
LOCKPORT PCT 022,1133,5,0,3,8,16,2,2,20,33,9,10,52,27,7,9,43,0,0,0,0,0,0,1,1,0,0,0,0,0,1,0,1,0,1,1,2,0,0,0,0,0,0,0,0,127
LOCKPORT PCT 023,1027,3,1,0,4,5,2,4,11,29,4,9,42,19,9,6,34,0,0,0,0,0,0,0,0,0,0,0,0,0,1,0,1,0,0,0,0,0,0,0,0,0,0,0,0,92
LOCKPORT PCT 024,855,1,1,1,3,24,7,5,36,35,10,5,50,10,5,9,24,1,0,0,1,4,1,0,5,3,0,0,3,1,0,0,1,0,0,0,0,0,1,0,1,0,0,0,0,124
MANHATTAN PCT 001,1699,7,1,1,9,18,5,5,28,33,7,11,51,28,7,16,51,0,0,0,0,1,0,0,1,0,0,0,0,1,0,0,1,1,0,0,1,0,0,0,0,0,0,0,0,142
MANHATTAN PCT 002,2095,9,0,2,11,15,1,4,20,35,14,6,55,33,11,29,73,1,0,0,1,0,0,0,0,1,0,0,1,0,0,0,0,0,0,0,0,0,0,0,0,0,0,0,0,161
MANHATTAN PCT 003,1355,3,1,2,6,8,1,7,16,19,4,3,26,13,10,26,49,0,0,0,0,3,0,0,3,0,0,0,0,1,0,0,1,0,0,0,0,0,0,0,0,0,0,0,0,101
MANHATTAN PCT 004,1614,5,0,0,5,21,4,5,30,30,2,6,38,21,5,9,35,2,1,2,5,1,0,0,1,0,0,0,0,1,0,0,1,0,0,0,0,0,0,0,0,0,0,0,0,115
MANHATTAN PCT 005,1990,0,2,1,3,20,4,1,25,23,9,12,44,28,10,14,52,0,0,0,0,0,0,0,0,1,0,0,1,0,0,0,0,0,0,0,0,0,1,1,2,0,0,0,0,127
MONEE PCT 001,1095,5,0,0,5,49,15,25,89,61,7,3,71,13,5,20,38,2,0,1,3,0,0,1,1,0,0,1,1,0,0,0,0,0,0,0,0,0,0,0,0,0,0,0,0,208
MONEE PCT 002,1286,5,2,0,7,86,25,25,136,61,6,12,79,21,4,15,40,0,0,0,0,0,0,0,0,3,0,0,3,1,0,0,1,0,0,0,0,1,1,0,2,0,0,0,0,268
MONEE PCT 003,1470,8,2,2,12,56,7,8,71,61,1,16,78,28,7,11,46,0,0,1,1,0,0,0,0,2,0,0,2,0,0,0,0,1,0,0,1,0,0,0,0,0,0,0,0,211
MONEE PCT 004,1538,6,2,3,11,65,9,6,80,49,8,11,68,29,8,19,56,0,0,0,0,1,0,0,1,0,0,0,0,0,0,0,0,1,0,0,1,1,0,0,1,0,0,0,0,218
MONEE PCT 005,1027,2,0,2,4,69,8,19,96,37,16,7,60,18,3,5,26,0,0,0,0,1,0,0,1,0,0,0,0,5,0,0,5,0,0,0,0,1,0,0,1,0,0,0,0,193
MONEE PCT 006,814,1,0,1,2,60,4,9,73,52,6,9,67,15,1,4,20,0,0,0,0,0,0,0,0,0,0,0,0,3,0,0,3,0,0,0,0,1,0,0,1,0,0,0,0,166
MONEE PCT 007,1181,7,1,1,9,136,9,21,166,76,9,5,90,28,3,8,39,1,0,0,1,0,0,0,0,1,0,1,2,1,0,0,1,0,0,0,0,0,0,0,0,0,0,0,0,308
MONEE PCT 008,1370,6,1,2,9,43,5,10,58,52,6,14,72,26,4,15,45,0,0,0,0,1,0,0,1,0,0,0,0,1,1,0,2,0,0,0,0,1,0,0,1,0,0,0,0,188
NEW LENOX PCT 001,1405,0,0,5,5,16,6,5,27,34,6,10,50,19,13,19,51,1,0,0,1,0,0,1,1,1,0,1,2,0,1,0,1,0,1,2,3,2,0,0,2,0,0,0,0,143
NEW LENOX PCT 002,1905,7,1,3,11,9,7,3,19,58,6,22,86,30,11,31,72,1,0,0,1,0,0,0,0,0,0,0,0,0,0,0,0,1,0,0,1,1,0,0,1,0,0,0,0,191
NEW LENOX PCT 003,1231,3,1,0,4,8,3,3,14,39,6,6,51,12,3,17,32,0,0,1,1,0,0,1,1,0,0,0,0,0,0,1,1,0,0,0,0,0,0,0,0,0,0,0,0,104
NEW LENOX PCT 004,1036,4,0,4,8,14,3,0,17,24,5,5,34,18,2,11,31,0,0,1,1,0,0,0,0,1,0,0,1,0,0,0,0,0,0,0,0,1,0,0,1,0,0,0,0,93
NEW LENOX PCT 005,1337,8,3,0,11,17,6,2,25,28,11,14,53,18,9,7,34,0,0,0,0,0,0,0,0,0,0,0,0,0,0,0,0,0,0,0,0,0,0,0,0,0,0,0,0,123
NEW LENOX PCT 006,1521,13,0,0,13,14,1,1,16,38,5,14,57,25,1,25,51,0,0,0,0,0,0,0,0,0,0,0,0,0,0,1,1,1,0,1,2,0,0,0,0,0,0,0,0,140
NEW LENOX PCT 007,1700,4,3,4,11,10,3,3,16,9,6,19,34,26,16,19,61,0,0,0,0,0,0,1,1,1,0,0,1,0,0,0,0,0,0,0,0,0,0,1,1,0,0,0,0,125
NEW LENOX PCT 008,1357,2,2,3,7,14,3,2,19,28,6,12,46,22,11,19,52,0,0,0,0,1,0,0,1,0,1,0,1,1,0,0,1,0,0,0,0,2,0,0,2,0,0,0,0,129
NEW LENOX PCT 009,955,4,1,0,5,9,7,4,20,27,2,5,34,8,7,7,22,0,0,0,0,0,0,0,0,0,0,0,0,0,0,0,0,0,0,0,0,1,0,0,1,0,0,0,0,82
NEW LENOX PCT 010,1638,7,1,1,9,12,4,8,24,31,9,24,64,49,22,18,89,1,1,0,2,1,0,0,1,2,0,0,2,0,0,0,0,2,1,0,3,1,1,0,2,0,0,0,0,196
NEW LENOX PCT 011,1856,4,4,0,8,21,4,1,26,49,17,13,79,33,18,18,69,0,0,0,0,1,0,0,1,0,0,0,0,0,0,0,0,0,1,0,1,0,1,0,1,0,0,0,0,185
NEW LENOX PCT 012,1416,5,0,3,8,12,4,4,20,44,6,14,64,21,5,21,47,0,0,1,1,1,0,0,1,0,0,0,0,1,0,0,1,1,1,0,2,0,0,0,0,0,0,0,0,144
NEW LENOX PCT 013,1779,9,3,4,16,15,9,5,29,57,8,17,82,25,25,28,78,0,0,0,0,1,0,0,1,1,0,0,1,0,0,1,1,0,0,1,1,1,0,0,1,0,0,0,0,210
NEW LENOX PCT 014,2169,7,5,2,14,21,10,2,33,56,21,33,110,62,18,19,99,0,0,0,0,0,0,0,0,0,0,0,0,1,0,1,2,1,0,0,1,0,0,0,0,0,0,0,0,259
NEW LENOX PCT 015,1568,5,3,0,8,13,3,2,18,22,5,9,36,33,16,27,76,1,0,0,1,0,0,0,0,1,0,0,1,0,0,0,0,0,0,0,0,1,0,0,1,0,0,0,0,141
NEW LENOX PCT 016,1391,5,2,1,8,13,9,6,28,43,15,24,82,24,9,19,52,0,0,0,0,0,1,0,1,1,1,0,2,0,0,0,0,0,1,0,1,0,0,0,0,0,0,0,0,174
NEW LENOX PCT 017,1392,6,1,6,13,7,9,5,21,31,9,8,48,23,8,30,61,0,0,1,1,0,0,0,0,2,1,0,3,0,0,0,0,0,0,0,0,0,0,0,0,0,0,0,0,147
NEW LENOX PCT 018,1793,5,1,2,8,11,6,3,20,54,7,15,76,42,7,16,65,1,0,1,2,3,0,0,3,0,0,0,0,1,0,0,1,1,0,0,1,3,0,0,3,0,0,0,0,179
NEW LENOX PCT 019,2129,4,3,1,8,18,6,0,24,40,7,12,59,27,10,20,57,0,0,0,0,2,1,0,3,1,0,1,2,1,0,1,2,0,0,0,0,1,0,0,1,0,0,0,0,156
NEW LENOX PCT 020,2402,9,0,3,12,14,10,5,29,34,16,13,63,43,34,28,105,0,0,0,0,1,0,2,3,1,0,0,1,0,0,0,0,0,0,0,0,1,0,0,1,0,0,0,0,214
PEOTONE PCT 001,1516,3,0,1,4,16,1,3,20,28,2,5,35,23,0,15,38,0,0,0,0,1,0,0,1,0,0,0,0,0,0,0,0,0,0,0,0,1,0,0,1,0,0,0,0,99
PEOTONE PCT 002,1566,5,0,3,8,19,4,8,31,40,0,3,43,22,1,14,37,1,0,0,1,0,0,0,0,1,0,0,1,0,0,0,0,2,0,0,2,1,0,0,1,0,0,0,0,124
PLAINFIELD PCT 001,1748,2,0,0,2,20,2,1,23,66,10,20,96,35,10,32,77,0,0,0,0,3,1,1,5,1,0,0,1,1,0,0,1,1,0,0,1,1,0,3,4,0,0,0,0,210
PLAINFIELD PCT 002,1644,4,0,0,4,17,5,9,31,61,7,10,78,36,6,16,58,1,0,2,3,1,1,1,3,0,0,1,1,0,0,0,0,0,0,0,0,1,2,0,3,0,0,0,0,181
PLAINFIELD PCT 003,1608,7,0,2,9,10,2,3,15,46,6,10,62,30,13,19,62,0,0,0,0,4,1,0,5,1,0,0,1,0,1,0,1,0,0,1,1,3,0,1,4,0,0,0,0,160
PLAINFIELD PCT 004,1472,19,0,0,19,14,1,4,19,76,7,11,94,40,2,10,52,2,0,0,2,0,0,1,1,0,0,0,0,1,0,1,2,0,0,0,0,0,0,0,0,0,0,0,0,189
PLAINFIELD PCT 005,1506,11,0,1,12,11,3,3,17,61,7,9,77,31,1,11,43,0,0,0,0,2,0,1,3,1,0,2,3,0,0,0,0,1,0,0,1,0,0,0,0,0,0,0,0,156
PLAINFIELD PCT 006,970,9,1,1,11,16,0,3,19,52,2,9,63,24,2,5,31,0,0,0,0,2,0,0,2,0,0,0,0,1,0,0,1,0,0,0,0,0,0,0,0,0,0,0,0,127
PLAINFIELD PCT 007,2015,11,2,1,14,19,3,2,24,78,16,18,112,39,5,12,56,2,1,1,4,3,0,0,3,2,0,0,2,0,1,0,1,2,5,1,8,2,0,0,2,0,0,0,0,226
PLAINFIELD PCT 008,1836,2,2,1,5,34,6,7,47,94,22,27,143,37,8,24,69,1,0,0,1,0,0,0,0,2,0,0,2,0,0,1,1,0,0,0,0,1,0,0,1,0,0,0,0,269
PLAINFIELD PCT 009,1960,3,0,2,5,14,5,1,20,61,16,14,91,36,8,22,66,0,0,1,1,2,0,0,2,0,0,0,0,1,1,0,2,0,0,0,0,2,0,0,2,1,0,0,1,190
PLAINFIELD PCT 010,1254,2,0,0,2,8,3,4,15,43,10,10,63,25,20,18,63,1,0,1,2,0,0,0,0,0,0,0,0,1,0,0,1,1,0,0,1,0,0,0,0,0,0,0,0,147
PLAINFIELD PCT 011,815,3,1,0,4,10,4,0,14,31,4,4,39,23,6,7,36,1,0,0,1,2,0,0,2,0,0,0,0,1,0,0,1,0,0,0,0,1,0,0,1,0,0,0,0,98
PLAINFIELD PCT 012,1733,6,0,0,6,16,4,4,24,59,8,26,93,59,3,14,76,0,1,0,1,3,0,0,3,1,0,0,1,0,0,0,0,0,1,1,2,0,0,0,0,0,0,0,0,206
PLAINFIELD PCT 013,2869,9,0,4,13,30,8,6,44,108,41,27,176,48,19,35,102,0,1,1,2,3,0,0,3,1,0,0,1,2,0,0,2,0,2,0,2,1,0,0,1,0,0,0,0,346
PLAINFIELD PCT 014,1993,13,2,3,18,29,5,2,36,77,25,24,126,37,14,15,66,1,0,0,1,0,0,0,0,0,0,0,0,0,1,0,1,0,0,0,0,1,0,0,1,0,0,0,0,249
PLAINFIELD PCT 015,2035,6,1,2,9,23,4,11,38,63,16,24,103,38,20,41,99,0,1,3,4,5,1,0,6,0,0,0,0,0,0,0,0,0,0,0,0,1,0,1,2,0,0,0,0,261
PLAINFIELD PCT 016,1737,14,0,5,19,27,7,7,41,48,16,17,81,41,13,30,84,0,0,0,0,0,1,0,1,0,0,0,0,1,0,0,1,1,0,0,1,0,0,1,1,0,0,0,0,229
PLAINFIELD PCT 017,1778,6,1,3,10,18,1,3,22,66,8,17,91,34,6,22,62,1,0,0,1,0,0,0,0,0,0,0,0,1,0,0,1,1,0,0,1,0,0,0,0,0,0,0,0,188
PLAINFIELD PCT 018,1318,4,2,1,7,12,2,1,15,69,7,7,83,26,7,11,44,1,0,0,1,1,0,0,1,2,0,0,2,0,0,0,0,1,0,0,1,1,0,0,1,0,0,0,0,155
PLAINFIELD PCT 019,1876,11,1,3,15,21,6,3,30,93,5,9,107,36,5,4,45,0,0,0,0,3,0,0,3,2,1,0,3,6,0,0,6,0,0,0,0,0,0,0,0,0,0,0,0,209
PLAINFIELD PCT 020,1825,6,0,0,6,9,3,2,14,59,8,20,87,20,9,25,54,1,0,0,1,0,0,2,2,0,2,0,2,0,0,0,0,1,0,0,1,1,0,1,2,0,0,0,0,169
PLAINFIELD PCT 021,1266,11,1,2,14,8,3,4,15,40,10,10,60,21,14,26,61,0,0,0,0,0,0,2,2,0,0,0,0,0,0,0,0,0,0,0,0,0,0,0,0,0,0,0,0,152
PLAINFIELD PCT 022,1097,0,0,0,0,6,1,1,8,25,3,11,39,14,5,12,31,0,0,0,0,0,0,0,0,0,0,0,0,0,0,1,1,1,0,0,1,0,0,0,0,0,0,0,0,80
PLAINFIELD PCT 023,1126,3,0,1,4,18,1,0,19,38,10,8,56,23,4,16,43,0,0,0,0,0,0,0,0,0,0,0,0,1,0,0,1,1,0,0,1,1,0,0,1,0,0,0,0,125
PLAINFIELD PCT 024,1221,2,1,4,7,13,5,4,22,41,13,6,60,24,11,37,72,0,0,0,0,1,1,0,2,0,0,0,0,0,0,0,0,2,0,0,2,1,0,0,1,0,0,0,0,166
PLAINFIELD PCT 025,1831,7,0,4,11,12,2,10,24,72,10,20,102,33,3,11,47,0,0,0,0,0,0,0,0,1,0,0,1,0,0,0,0,0,0,1,1,0,0,0,0,0,0,0,0,186
PLAINFIELD PCT 026,2299,11,0,0,11,25,0,2,27,100,11,18,129,33,5,20,58,0,0,0,0,0,0,1,1,0,0,0,0,4,1,0,5,1,0,0,1,1,0,0,1,0,0,0,0,233
PLAINFIELD PCT 027,1284,11,0,2,13,15,4,5,24,64,14,8,86,20,2,18,40,0,0,0,0,1,0,1,2,4,0,0,4,0,0,0,0,0,0,0,0,0,0,0,0,0,0,0,0,169
PLAINFIELD PCT 028,1559,9,0,1,10,11,0,4,15,69,2,14,85,42,3,11,56,0,0,0,0,1,0,2,3,1,0,0,1,1,0,0,1,2,0,0,2,0,0,0,0,0,0,0,0,173
PLAINFIELD PCT 029,1351,5,0,2,7,11,0,1,12,48,12,8,68,28,1,17,46,0,0,0,0,0,0,1,1,1,0,1,2,0,0,0,0,0,0,0,0,0,0,0,0,0,0,0,0,136
PLAINFIELD PCT 030,1342,2,1,0,3,12,0,3,15,41,10,8,59,19,5,24,48,0,0,0,0,0,0,0,0,0,0,0,0,2,0,0,2,0,0,0,0,1,0,0,1,0,0,0,0,128
PLAINFIELD PCT 031,1343,10,3,3,16,13,1,2,16,75,8,16,99,18,3,10,31,0,0,0,0,0,2,0,2,0,0,0,0,2,0,0,2,0,0,1,1,0,0,0,0,0,0,0,0,167
PLAINFIELD PCT 032,1338,7,1,0,8,10,3,6,19,51,14,10,75,23,7,16,46,0,0,0,0,1,1,0,2,1,0,0,1,0,0,0,0,1,1,0,2,2,1,0,3,0,0,0,0,156
PLAINFIELD PCT 033,1402,3,1,0,4,15,4,6,25,47,19,8,74,27,11,23,61,0,0,0,0,0,0,1,1,0,0,1,1,0,0,0,0,0,1,0,1,0,0,0,0,0,0,0,0,167
PLAINFIELD PCT 034,1498,7,2,2,11,22,2,0,24,41,7,20,68,32,6,11,49,3,0,0,3,1,1,0,2,1,1,0,2,1,0,0,1,0,0,0,0,2,0,0,2,0,0,0,0,162
PLAINFIELD PCT 035,1447,7,0,4,11,20,3,1,24,78,2,16,96,24,8,9,41,0,0,0,0,0,0,2,2,0,0,0,0,0,0,0,0,2,0,0,2,0,0,0,0,0,0,0,0,176
REED PCT 001,1554,1,1,1,3,7,0,4,11,16,9,5,30,26,6,9,41,1,0,0,1,0,0,0,0,0,0,0,0,0,0,0,0,0,0,1,1,2,0,0,2,0,0,0,0,89
REED PCT 002,1695,4,1,0,5,7,3,2,12,18,4,12,34,22,6,9,37,0,0,0,0,0,0,0,0,0,0,0,0,0,0,0,0,0,0,0,0,1,0,0,1,0,0,0,0,89
REED PCT 003,1571,3,1,2,6,7,1,3,11,24,2,4,30,16,3,17,36,1,1,0,2,0,0,0,0,0,0,0,0,1,0,0,1,0,0,0,0,2,0,0,2,0,0,0,0,88
TROY PCT 001,2909,6,2,4,12,35,5,7,47,98,28,19,145,26,10,26,62,0,1,0,1,2,1,0,3,2,0,0,2,1,2,2,5,0,0,0,0,0,0,1,1,0,0,0,0,278
TROY PCT 002,1823,8,0,1,9,14,4,9,27,64,11,10,85,24,13,16,53,2,0,1,3,1,0,0,1,2,0,0,2,2,0,1,3,0,1,1,2,0,0,0,0,0,0,0,0,185
TROY PCT 003,1286,1,0,0,1,19,1,2,22,31,2,8,41,24,4,23,51,1,1,0,2,1,0,1,2,0,0,0,0,1,0,0,1,0,0,0,0,0,0,1,1,0,0,0,0,121
TROY PCT 004,1241,5,1,2,8,10,3,3,16,40,10,15,65,32,9,8,49,1,0,0,1,1,0,0,1,0,0,0,0,0,0,0,0,1,0,0,1,2,0,0,2,0,0,0,0,143
TROY PCT 005,1104,1,2,2,5,16,3,12,31,34,11,15,60,26,11,22,59,1,0,0,1,0,1,0,1,2,1,0,3,1,0,2,3,1,0,0,1,0,0,0,0,0,0,0,0,164
TROY PCT 006,932,0,0,2,2,7,4,4,15,44,10,11,65,26,0,11,37,0,0,1,1,0,0,0,0,0,0,0,0,0,0,0,0,0,0,1,1,1,0,1,2,0,0,0,0,123
TROY PCT 007,2123,2,2,4,8,17,3,11,31,67,16,27,110,22,19,37,78,3,0,0,3,1,0,0,1,2,0,1,3,0,0,0,0,1,0,3,4,0,0,0,0,0,0,0,0,238
TROY PCT 008,2079,9,2,4,15,20,7,9,36,80,28,16,124,44,15,40,99,2,0,0,2,2,3,1,6,0,0,0,0,1,0,0,1,0,0,0,0,0,0,1,1,0,0,0,0,284
TROY PCT 009,1298,3,2,1,6,12,5,5,22,54,10,12,76,23,4,24,51,0,2,0,2,1,0,0,1,1,0,0,1,0,0,0,0,1,2,0,3,0,0,0,0,0,0,0,0,162
TROY PCT 010,1777,4,0,0,4,16,10,2,28,41,11,14,66,38,13,22,73,1,0,0,1,1,0,0,1,0,0,0,0,0,0,0,0,1,0,0,1,2,0,0,2,0,0,0,0,176
TROY PCT 011,1539,6,6,2,14,8,4,3,15,51,18,6,75,29,30,22,81,1,0,2,3,0,0,0,0,0,1,0,1,0,0,0,0,0,0,0,0,0,0,0,0,0,0,0,0,189
TROY PCT 012,877,3,1,0,4,11,5,0,16,25,10,9,44,25,18,6,49,2,0,0,2,0,0,0,0,1,0,0,1,1,0,0,1,2,0,0,2,0,0,0,0,0,0,0,0,119
TROY PCT 013,1823,7,4,4,15,22,11,3,36,70,18,16,104,78,29,57,164,1,0,0,1,1,0,1,2,0,0,0,0,1,0,0,1,1,0,1,2,0,0,0,0,0,0,0,0,325
TROY PCT 014,1990,4,2,5,11,16,5,2,23,59,13,16,88,49,18,34,101,0,0,0,0,0,0,1,1,4,0,0,4,1,0,0,1,0,0,0,0,1,0,0,1,0,0,0,0,230
TROY PCT 015,1322,5,0,2,7,11,8,6,25,38,11,6,55,40,12,24,76,0,1,0,1,1,0,0,1,0,0,0,0,0,0,2,2,0,0,0,0,0,0,1,1,0,0,0,0,168
TROY PCT 016,1914,13,4,1,18,13,9,7,29,59,33,28,120,34,36,29,99,0,1,0,1,2,0,0,2,0,2,0,2,2,0,0,2,1,0,0,1,1,2,0,3,0,0,0,0,277
TROY PCT 017,1669,3,1,7,11,10,5,4,19,46,13,7,66,36,28,21,85,0,0,0,0,1,0,2,3,1,2,0,3,0,0,1,1,1,0,0,1,1,0,0,1,0,0,0,0,190
TROY PCT 018,1567,5,3,1,9,24,6,1,31,73,20,10,103,24,13,15,52,0,1,1,2,1,1,1,3,1,0,0,1,1,0,0,1,2,0,0,2,1,0,0,1,0,0,0,0,205
TROY PCT 019,1868,2,2,1,5,19,8,3,30,80,34,5,119,26,14,10,50,0,0,0,0,2,1,0,3,1,0,0,1,1,2,0,3,2,0,0,2,1,0,0,1,0,0,0,0,214
TROY PCT 020,1676,4,1,1,6,14,16,1,31,41,14,14,69,32,20,19,71,0,0,0,0,1,0,0,1,0,0,0,0,1,1,0,2,2,0,0,2,1,0,0,1,0,0,0,0,183
TROY PCT 021,1769,4,0,0,4,22,6,6,34,59,6,6,71,29,9,23,61,1,0,0,1,2,0,0,2,1,0,0,1,2,0,0,2,1,0,0,1,3,0,0,3,0,0,0,0,180
TROY PCT 022,689,0,0,0,0,4,2,0,6,15,9,5,29,13,4,12,29,0,0,0,0,2,0,0,2,0,0,0,0,2,0,0,2,1,0,0,1,0,0,0,0,0,0,0,0,69
WASHINGTON PCT 001,1402,3,2,2,7,27,4,8,39,26,4,10,40,29,6,11,46,0,0,0,0,0,0,0,0,1,0,0,1,0,0,0,0,0,0,0,0,0,0,0,0,0,0,0,0,133
WASHINGTON PCT 002,1754,4,0,0,4,30,21,9,60,39,5,3,47,24,20,10,54,1,0,0,1,0,0,0,0,0,0,0,0,0,0,0,0,0,0,0,0,1,0,0,1,0,0,0,0,167
WASHINGTON PCT 003,1333,3,1,0,4,22,2,3,27,18,3,3,24,19,6,7,32,1,0,0,1,0,0,0,0,0,0,0,0,0,0,0,0,0,0,0,0,0,0,0,0,0,0,0,0,88
WESLEY PCT 001,1493,3,0,0,3,11,1,2,14,15,4,4,23,30,1,30,61,0,0,0,0,1,0,0,1,0,0,0,0,1,0,0,1,0,0,0,0,2,0,0,2,0,0,0,0,105
WHEATLAND PCT 001,1321,3,2,0,5,22,3,4,29,59,6,9,74,25,2,13,40,0,0,0,0,1,0,0,1,1,0,0,1,0,0,0,0,2,0,1,3,2,0,0,2,0,0,0,0,155
WHEATLAND PCT 002,2112,7,2,3,12,28,41,9,78,64,66,43,173,67,103,99,269,0,1,0,1,0,1,0,1,1,2,0,3,3,0,0,3,0,2,0,2,1,0,3,4,0,0,0,0,546
WHEATLAND PCT 003,1781,5,1,2,8,22,22,4,48,56,31,8,95,47,34,14,95,1,1,0,2,2,1,0,3,1,1,0,2,1,0,0,1,2,2,0,4,1,0,0,1,0,0,0,0,259
WHEATLAND PCT 004,2015,10,4,2,16,23,15,4,42,52,33,18,103,44,21,16,81,2,0,0,2,2,2,1,5,2,3,0,5,1,0,1,2,1,0,0,1,3,0,0,3,0,0,0,0,260
WHEATLAND PCT 005,1879,8,1,2,11,22,8,8,38,67,11,9,87,59,22,15,96,2,0,1,3,1,3,0,4,0,0,1,1,2,0,0,2,1,0,0,1,2,1,0,3,0,0,0,0,246
WHEATLAND PCT 006,1333,4,1,0,5,27,11,4,42,71,16,26,113,53,14,15,82,0,0,1,1,2,0,0,2,0,0,0,0,1,0,0,1,1,0,0,1,0,0,0,0,0,0,0,0,247
WHEATLAND PCT 007,1377,1,3,2,6,15,8,8,31,54,27,24,105,46,28,17,91,2,0,0,2,0,1,0,1,0,0,0,0,1,0,0,1,0,1,0,1,1,0,0,1,0,0,0,0,239
WHEATLAND PCT 008,1332,5,4,1,10,20,12,17,49,80,19,23,122,58,24,22,104,0,0,0,0,0,0,0,0,0,0,0,0,1,0,0,1,0,0,0,0,0,0,0,0,0,0,0,0,286
WHEATLAND PCT 009,1531,8,1,2,11,17,8,9,34,92,51,27,170,37,34,21,92,3,0,0,3,2,2,0,4,2,0,0,2,2,0,0,2,1,1,0,2,2,0,0,2,0,0,0,0,322
WHEATLAND PCT 010,1377,6,1,1,8,22,5,3,30,51,14,17,82,48,18,31,97,1,0,0,1,2,0,1,3,1,0,0,1,0,0,0,0,0,0,0,0,0,0,0,0,0,0,0,0,222
WHEATLAND PCT 011,1856,2,3,1,6,21,29,13,63,34,35,13,82,54,47,29,130,1,2,0,3,0,0,0,0,0,0,2,2,0,1,0,1,1,0,0,1,1,1,0,2,0,0,0,0,290
WHEATLAND PCT 012,1713,10,7,0,17,25,29,6,60,31,46,14,91,42,36,15,93,0,0,0,0,1,1,0,2,1,0,0,1,0,0,0,0,0,1,0,1,0,1,0,1,0,0,0,0,266
WHEATLAND PCT 013,1395,6,1,0,7,19,7,9,35,46,37,7,90,31,16,29,76,0,0,0,0,1,2,0,3,0,0,0,0,0,0,0,0,0,0,0,0,3,0,0,3,0,0,0,0,214
WHEATLAND PCT 014,1593,7,1,2,10,15,14,4,33,49,33,23,105,66,28,23,117,0,0,1,1,0,0,0,0,1,0,0,1,0,0,0,0,1,0,0,1,1,0,0,1,0,0,0,0,269
WHEATLAND PCT 015,1563,10,1,2,13,26,6,4,36,63,22,10,95,42,18,29,89,0,0,1,1,0,0,0,0,1,0,0,1,3,0,0,3,1,0,0,1,2,3,0,5,0,0,0,0,244
WHEATLAND PCT 016,1694,5,2,2,9,11,4,3,18,50,24,18,92,22,12,13,47,3,1,0,4,0,0,0,0,0,2,0,2,0,0,0,0,0,0,0,0,0,0,0,0,0,0,0,0,172
WHEATLAND PCT 017,1019,0,3,2,5,18,9,1,28,38,17,17,72,40,5,12,57,1,0,1,2,0,0,0,0,0,0,0,0,0,0,0,0,0,1,2,3,2,0,0,2,0,0,0,0,169
WHEATLAND PCT 018,1531,7,0,0,7,12,8,4,24,59,20,26,105,45,32,28,105,0,1,2,3,0,0,0,0,0,0,0,0,0,0,0,0,0,0,2,2,0,0,0,0,1,0,0,1,247
WHEATLAND PCT 019,1148,7,0,0,7,14,4,7,25,70,23,18,111,42,7,17,66,2,0,1,3,1,0,0,1,0,0,1,1,1,0,0,1,1,0,0,1,0,0,0,0,0,0,0,0,216
WHEATLAND PCT 020,1318,3,0,3,6,22,8,4,34,45,13,23,81,30,8,11,49,0,0,1,1,3,0,0,3,0,0,0,0,0,0,0,0,0,0,0,0,1,0,0,1,0,0,0,0,175
WHEATLAND PCT 021,1389,7,2,2,11,13,8,6,27,33,32,10,75,49,20,16,85,1,0,0,1,0,0,1,1,1,0,0,1,1,0,0,1,1,0,0,1,0,1,0,1,0,0,0,0,204
WHEATLAND PCT 022,2006,4,1,3,8,37,14,2,53,76,18,24,118,72,16,24,112,1,0,0,1,0,0,0,0,0,1,0,1,3,1,0,4,2,1,3,6,1,1,0,2,0,0,0,0,305
WHEATLAND PCT 023,1878,7,0,0,7,16,17,1,34,41,14,17,72,39,10,24,73,0,1,0,1,2,0,0,2,0,0,1,1,1,0,0,1,0,0,0,0,0,0,1,1,0,0,0,0,192
WHEATLAND PCT 024,2100,7,1,3,11,26,18,4,48,90,31,25,146,63,11,16,90,0,1,1,2,1,0,0,1,1,0,0,1,2,4,0,6,1,0,0,1,1,0,0,1,0,0,0,0,307
WHEATLAND PCT 025,1730,5,3,1,9,25,5,5,35,52,10,17,79,33,11,14,58,0,0,0,0,0,1,0,1,0,0,1,1,0,0,0,0,0,1,0,1,0,0,0,0,0,0,0,0,184
WHEATLAND PCT 026,2339,4,3,4,11,25,8,5,38,80,22,19,121,56,13,32,101,0,0,0,0,1,0,0,1,0,0,0,0,1,0,1,2,0,0,0,0,0,1,0,1,0,0,0,0,275
WHEATLAND PCT 027,1192,1,0,2,3,19,17,6,42,44,23,11,78,23,15,23,61,0,0,0,0,1,0,0,1,0,0,0,0,0,0,0,0,0,0,1,1,1,0,0,1,0,0,0,0,187
WHEATLAND PCT 028,2011,5,0,2,7,23,1,3,27,64,3,22,89,21,16,18,55,0,0,1,1,1,0,0,1,0,0,0,0,1,0,4,5,1,0,0,1,1,0,0,1,0,0,0,0,187
WHEATLAND PCT 029,1851,7,0,2,9,14,3,2,19,65,7,24,96,53,12,26,91,1,0,0,1,0,0,0,0,0,1,0,1,0,0,0,0,0,0,0,0,0,0,0,0,0,0,0,0,217
WHEATLAND PCT 030,1902,1,1,2,4,13,2,2,17,53,14,19,86,39,8,13,60,0,0,0,0,0,0,0,0,0,0,0,0,1,0,0,1,0,0,0,0,0,0,0,0,0,0,0,0,168
WHEATLAND PCT 031,1418,4,0,3,7,19,13,7,39,71,17,23,111,32,8,12,52,1,0,1,2,0,0,0,0,4,0,0,4,2,1,0,3,0,1,0,1,1,0,0,1,0,0,0,0,220
WHEATLAND PCT 032,1818,11,1,3,15,33,13,0,46,77,23,16,116,55,27,14,96,0,1,0,1,0,1,0,1,1,0,1,2,0,0,0,0,3,0,0,3,0,1,0,1,0,0,0,0,281
WHEATLAND PCT 033,1717,5,2,3,10,22,7,10,39,111,22,30,163,44,25,21,90,0,0,0,0,1,0,0,1,4,2,0,6,2,0,0,2,1,0,0,1,2,0,1,3,0,0,0,0,315
WHEATLAND PCT 034,1415,7,3,0,10,27,6,5,38,58,20,15,93,57,13,17,87,0,0,0,0,1,1,1,3,1,0,0,1,2,0,1,3,1,0,0,1,0,0,0,0,0,0,0,0,236
WHEATLAND PCT 035,1358,3,6,1,10,13,23,8,44,41,36,23,100,52,31,39,122,0,0,0,0,1,3,2,6,0,1,0,1,1,0,0,1,5,0,0,5,0,0,0,0,0,0,0,0,289
WHEATLAND PCT 036,1511,6,0,0,6,25,4,4,33,54,18,24,96,25,8,25,58,0,0,2,2,0,0,2,2,0,0,0,0,0,0,0,0,1,1,0,2,0,0,0,0,0,0,0,0,199
WHEATLAND PCT 037,1484,2,0,1,3,21,9,9,39,52,19,15,86,40,11,10,61,0,0,2,2,0,0,1,1,1,0,0,1,0,0,0,0,0,0,0,0,0,0,0,0,0,0,0,0,193
WHEATLAND PCT 038,1207,3,2,2,7,31,8,12,51,71,15,24,110,23,5,27,55,0,0,0,0,0,0,0,0,1,0,0,1,2,0,2,4,0,0,0,0,0,0,0,0,0,0,0,0,228
WILL PCT 001,1162,3,0,1,4,15,1,10,26,14,6,1,21,19,4,11,34,0,0,0,0,0,0,0,0,0,0,0,0,0,1,0,1,0,0,0,0,1,0,0,1,0,0,0,0,87
WILMINGTON PCT 001,1403,6,0,2,8,18,4,3,25,21,5,6,32,32,0,18,50,0,0,1,1,1,0,1,2,0,0,0,0,0,0,0,0,0,0,0,0,1,0,2,3,0,0,0,0,121
WILMINGTON PCT 002,1102,2,0,1,3,11,1,1,13,18,3,4,25,8,1,9,18,0,0,1,1,0,0,0,0,1,0,0,1,1,0,0,1,0,0,0,0,0,0,0,0,0,0,0,0,62
WILMINGTON PCT 003,1383,4,1,3,8,16,5,1,22,20,3,2,25,34,2,12,48,0,0,0,0,0,0,1,1,0,0,0,0,0,0,0,0,0,0,0,0,1,0,0,1,0,0,0,0,105
WILTON PCT 001,597,4,0,1,5,4,2,2,8,10,0,2,12,9,3,4,16,0,0,0,0,0,0,0,0,0,0,0,0,0,0,0,0,0,0,0,0,0,0,1,1,0,0,0,0,42
Total:,458788,1579,444,489,2512,6226,2116,1574,9916,15352,4401,3931,23684,9261,3742,5937,18940,145,40,62,247,269,79,86,434,177,49,45,271,246,81,58,385,166,53,62,281,216,50,61,327,4,1,0,5,57002
